id,car_model
Toyota_Innova_98.jpg,Toyota_Innova
Toyota_Innova_919.jpg,Toyota_Innova
Toyota_Innova_921.jpg,Toyota_Innova
Toyota_Innova_922.jpg,Toyota_Innova
Toyota_Innova_924.jpg,Toyota_Innova
Toyota_Innova_925.jpg,Toyota_Innova
Toyota_Innova_928.jpg,Toyota_Innova
Toyota_Innova_930.jpg,Toyota_Innova
Toyota_Innova_933.jpg,Toyota_Innova
Toyota_Innova_935.jpg,Toyota_Innova
Toyota_Innova_936.jpg,Toyota_Innova
Toyota_Innova_937.jpg,Toyota_Innova
Toyota_Innova_939.jpg,Toyota_Innova
Toyota_Innova_942.jpg,Toyota_Innova
Toyota_Innova_943.jpg,Toyota_Innova
Toyota_Innova_945.jpg,Toyota_Innova
Toyota_Innova_946.jpg,Toyota_Innova
Toyota_Innova_947.jpg,Toyota_Innova
Toyota_Innova_949.jpg,Toyota_Innova
Toyota_Innova_954.jpg,Toyota_Innova
Toyota_Innova_957.jpg,Toyota_Innova
Toyota_Innova_958.jpg,Toyota_Innova
Toyota_Innova_959.jpg,Toyota_Innova
Toyota_Innova_961.jpg,Toyota_Innova
Toyota_Innova_963.jpg,Toyota_Innova
Toyota_Innova_964.jpg,Toyota_Innova
Toyota_Innova_965.jpg,Toyota_Innova
Toyota_Innova_968.jpg,Toyota_Innova
Toyota_Innova_969.jpg,Toyota_Innova
Toyota_Innova_970.jpg,Toyota_Innova
Toyota_Innova_972.jpg,Toyota_Innova
Toyota_Innova_973.jpg,Toyota_Innova
Toyota_Innova_975.jpg,Toyota_Innova
Toyota_Innova_976.jpg,Toyota_Innova
Toyota_Innova_977.jpg,Toyota_Innova
Toyota_Innova_979.jpg,Toyota_Innova
Toyota_Innova_980.jpg,Toyota_Innova
Toyota_Innova_983.jpg,Toyota_Innova
Toyota_Innova_984.jpg,Toyota_Innova
Toyota_Innova_986.jpg,Toyota_Innova
Toyota_Innova_987.jpg,Toyota_Innova
Toyota_Innova_989.jpg,Toyota_Innova
Toyota_Innova_990.jpg,Toyota_Innova
Toyota_Innova_993.jpg,Toyota_Innova
Toyota_Innova_995.jpg,Toyota_Innova
Toyota_Innova_996.jpg,Toyota_Innova
Toyota_Innova_997.jpg,Toyota_Innova
Toyota_Innova_999.jpg,Toyota_Innova
Toyota_Innova_9.jpg,Toyota_Innova
Toyota_Innova_85.jpg,Toyota_Innova
Toyota_Innova_87.jpg,Toyota_Innova
Toyota_Innova_88.jpg,Toyota_Innova
Toyota_Innova_89.jpg,Toyota_Innova
Toyota_Innova_91.jpg,Toyota_Innova
Toyota_Innova_848.jpg,Toyota_Innova
Toyota_Innova_849.jpg,Toyota_Innova
Toyota_Innova_850.jpg,Toyota_Innova
Toyota_Innova_851.jpg,Toyota_Innova
Toyota_Innova_852.jpg,Toyota_Innova
Toyota_Innova_853.jpg,Toyota_Innova
Toyota_Innova_855.jpg,Toyota_Innova
Toyota_Innova_858.jpg,Toyota_Innova
Toyota_Innova_859.jpg,Toyota_Innova
Toyota_Innova_860.jpg,Toyota_Innova
Toyota_Innova_861.jpg,Toyota_Innova
Toyota_Innova_862.jpg,Toyota_Innova
Toyota_Innova_863.jpg,Toyota_Innova
Toyota_Innova_865.jpg,Toyota_Innova
Toyota_Innova_867.jpg,Toyota_Innova
Toyota_Innova_868.jpg,Toyota_Innova
Toyota_Innova_871.jpg,Toyota_Innova
Toyota_Innova_872.jpg,Toyota_Innova
Toyota_Innova_873.jpg,Toyota_Innova
Toyota_Innova_874.jpg,Toyota_Innova
Toyota_Innova_875.jpg,Toyota_Innova
Toyota_Innova_876.jpg,Toyota_Innova
Toyota_Innova_877.jpg,Toyota_Innova
Toyota_Innova_878.jpg,Toyota_Innova
Toyota_Innova_879.jpg,Toyota_Innova
Toyota_Innova_880.jpg,Toyota_Innova
Toyota_Innova_881.jpg,Toyota_Innova
Toyota_Innova_883.jpg,Toyota_Innova
Toyota_Innova_884.jpg,Toyota_Innova
Toyota_Innova_888.jpg,Toyota_Innova
Toyota_Innova_889.jpg,Toyota_Innova
Toyota_Innova_890.jpg,Toyota_Innova
Toyota_Innova_892.jpg,Toyota_Innova
Toyota_Innova_894.jpg,Toyota_Innova
Toyota_Innova_897.jpg,Toyota_Innova
Toyota_Innova_898.jpg,Toyota_Innova
Toyota_Innova_900.jpg,Toyota_Innova
Toyota_Innova_902.jpg,Toyota_Innova
Toyota_Innova_903.jpg,Toyota_Innova
Toyota_Innova_904.jpg,Toyota_Innova
Toyota_Innova_906.jpg,Toyota_Innova
Toyota_Innova_907.jpg,Toyota_Innova
Toyota_Innova_909.jpg,Toyota_Innova
Toyota_Innova_910.jpg,Toyota_Innova
Toyota_Innova_912.jpg,Toyota_Innova
Toyota_Innova_915.jpg,Toyota_Innova
Toyota_Innova_916.jpg,Toyota_Innova
Toyota_Innova_918.jpg,Toyota_Innova
Toyota_Innova_79.jpg,Toyota_Innova
Toyota_Innova_80.jpg,Toyota_Innova
Toyota_Innova_81.jpg,Toyota_Innova
Toyota_Innova_82.jpg,Toyota_Innova
Toyota_Innova_83.jpg,Toyota_Innova
Toyota_Innova_772.jpg,Toyota_Innova
Toyota_Innova_773.jpg,Toyota_Innova
Toyota_Innova_776.jpg,Toyota_Innova
Toyota_Innova_777.jpg,Toyota_Innova
Toyota_Innova_778.jpg,Toyota_Innova
Toyota_Innova_780.jpg,Toyota_Innova
Toyota_Innova_782.jpg,Toyota_Innova
Toyota_Innova_783.jpg,Toyota_Innova
Toyota_Innova_788.jpg,Toyota_Innova
Toyota_Innova_790.jpg,Toyota_Innova
Toyota_Innova_791.jpg,Toyota_Innova
Toyota_Innova_794.jpg,Toyota_Innova
Toyota_Innova_795.jpg,Toyota_Innova
Toyota_Innova_796.jpg,Toyota_Innova
Toyota_Innova_797.jpg,Toyota_Innova
Toyota_Innova_800.jpg,Toyota_Innova
Toyota_Innova_802.jpg,Toyota_Innova
Toyota_Innova_803.jpg,Toyota_Innova
Toyota_Innova_805.jpg,Toyota_Innova
Toyota_Innova_806.jpg,Toyota_Innova
Toyota_Innova_808.jpg,Toyota_Innova
Toyota_Innova_809.jpg,Toyota_Innova
Toyota_Innova_810.jpg,Toyota_Innova
Toyota_Innova_811.jpg,Toyota_Innova
Toyota_Innova_812.jpg,Toyota_Innova
Toyota_Innova_815.jpg,Toyota_Innova
Toyota_Innova_817.jpg,Toyota_Innova
Toyota_Innova_819.jpg,Toyota_Innova
Toyota_Innova_820.jpg,Toyota_Innova
Toyota_Innova_821.jpg,Toyota_Innova
Toyota_Innova_822.jpg,Toyota_Innova
Toyota_Innova_823.jpg,Toyota_Innova
Toyota_Innova_824.jpg,Toyota_Innova
Toyota_Innova_825.jpg,Toyota_Innova
Toyota_Innova_826.jpg,Toyota_Innova
Toyota_Innova_828.jpg,Toyota_Innova
Toyota_Innova_829.jpg,Toyota_Innova
Toyota_Innova_830.jpg,Toyota_Innova
Toyota_Innova_831.jpg,Toyota_Innova
Toyota_Innova_832.jpg,Toyota_Innova
Toyota_Innova_833.jpg,Toyota_Innova
Toyota_Innova_834.jpg,Toyota_Innova
Toyota_Innova_835.jpg,Toyota_Innova
Toyota_Innova_837.jpg,Toyota_Innova
Toyota_Innova_842.jpg,Toyota_Innova
Toyota_Innova_844.jpg,Toyota_Innova
Toyota_Innova_845.jpg,Toyota_Innova
Toyota_Innova_846.jpg,Toyota_Innova
Toyota_Innova_847.jpg,Toyota_Innova
Toyota_Innova_7.jpg,Toyota_Innova
Toyota_Innova_71.jpg,Toyota_Innova
Toyota_Innova_72.jpg,Toyota_Innova
Toyota_Innova_73.jpg,Toyota_Innova
Toyota_Innova_75.jpg,Toyota_Innova
Toyota_Innova_77.jpg,Toyota_Innova
Toyota_Innova_698.jpg,Toyota_Innova
Toyota_Innova_699.jpg,Toyota_Innova
Toyota_Innova_700.jpg,Toyota_Innova
Toyota_Innova_701.jpg,Toyota_Innova
Toyota_Innova_702.jpg,Toyota_Innova
Toyota_Innova_704.jpg,Toyota_Innova
Toyota_Innova_707.jpg,Toyota_Innova
Toyota_Innova_710.jpg,Toyota_Innova
Toyota_Innova_712.jpg,Toyota_Innova
Toyota_Innova_713.jpg,Toyota_Innova
Toyota_Innova_714.jpg,Toyota_Innova
Toyota_Innova_715.jpg,Toyota_Innova
Toyota_Innova_716.jpg,Toyota_Innova
Toyota_Innova_717.jpg,Toyota_Innova
Toyota_Innova_718.jpg,Toyota_Innova
Toyota_Innova_719.jpg,Toyota_Innova
Toyota_Innova_721.jpg,Toyota_Innova
Toyota_Innova_722.jpg,Toyota_Innova
Toyota_Innova_723.jpg,Toyota_Innova
Toyota_Innova_725.jpg,Toyota_Innova
Toyota_Innova_726.jpg,Toyota_Innova
Toyota_Innova_728.jpg,Toyota_Innova
Toyota_Innova_731.jpg,Toyota_Innova
Toyota_Innova_732.jpg,Toyota_Innova
Toyota_Innova_733.jpg,Toyota_Innova
Toyota_Innova_734.jpg,Toyota_Innova
Toyota_Innova_735.jpg,Toyota_Innova
Toyota_Innova_736.jpg,Toyota_Innova
Toyota_Innova_737.jpg,Toyota_Innova
Toyota_Innova_738.jpg,Toyota_Innova
Toyota_Innova_739.jpg,Toyota_Innova
Toyota_Innova_741.jpg,Toyota_Innova
Toyota_Innova_744.jpg,Toyota_Innova
Toyota_Innova_747.jpg,Toyota_Innova
Toyota_Innova_748.jpg,Toyota_Innova
Toyota_Innova_749.jpg,Toyota_Innova
Toyota_Innova_750.jpg,Toyota_Innova
Toyota_Innova_751.jpg,Toyota_Innova
Toyota_Innova_754.jpg,Toyota_Innova
Toyota_Innova_755.jpg,Toyota_Innova
Toyota_Innova_756.jpg,Toyota_Innova
Toyota_Innova_757.jpg,Toyota_Innova
Toyota_Innova_758.jpg,Toyota_Innova
Toyota_Innova_759.jpg,Toyota_Innova
Toyota_Innova_760.jpg,Toyota_Innova
Toyota_Innova_761.jpg,Toyota_Innova
Toyota_Innova_762.jpg,Toyota_Innova
Toyota_Innova_765.jpg,Toyota_Innova
Toyota_Innova_767.jpg,Toyota_Innova
Toyota_Innova_771.jpg,Toyota_Innova
Toyota_Innova_63.jpg,Toyota_Innova
Toyota_Innova_66.jpg,Toyota_Innova
Toyota_Innova_68.jpg,Toyota_Innova
Toyota_Innova_69.jpg,Toyota_Innova
Toyota_Innova_629.jpg,Toyota_Innova
Toyota_Innova_631.jpg,Toyota_Innova
Toyota_Innova_633.jpg,Toyota_Innova
Toyota_Innova_634.jpg,Toyota_Innova
Toyota_Innova_635.jpg,Toyota_Innova
Toyota_Innova_636.jpg,Toyota_Innova
Toyota_Innova_637.jpg,Toyota_Innova
Toyota_Innova_638.jpg,Toyota_Innova
Toyota_Innova_639.jpg,Toyota_Innova
Toyota_Innova_640.jpg,Toyota_Innova
Toyota_Innova_642.jpg,Toyota_Innova
Toyota_Innova_643.jpg,Toyota_Innova
Toyota_Innova_644.jpg,Toyota_Innova
Toyota_Innova_645.jpg,Toyota_Innova
Toyota_Innova_646.jpg,Toyota_Innova
Toyota_Innova_647.jpg,Toyota_Innova
Toyota_Innova_648.jpg,Toyota_Innova
Toyota_Innova_649.jpg,Toyota_Innova
Toyota_Innova_652.jpg,Toyota_Innova
Toyota_Innova_653.jpg,Toyota_Innova
Toyota_Innova_654.jpg,Toyota_Innova
Toyota_Innova_655.jpg,Toyota_Innova
Toyota_Innova_656.jpg,Toyota_Innova
Toyota_Innova_657.jpg,Toyota_Innova
Toyota_Innova_659.jpg,Toyota_Innova
Toyota_Innova_660.jpg,Toyota_Innova
Toyota_Innova_664.jpg,Toyota_Innova
Toyota_Innova_666.jpg,Toyota_Innova
Toyota_Innova_667.jpg,Toyota_Innova
Toyota_Innova_668.jpg,Toyota_Innova
Toyota_Innova_669.jpg,Toyota_Innova
Toyota_Innova_670.jpg,Toyota_Innova
Toyota_Innova_672.jpg,Toyota_Innova
Toyota_Innova_673.jpg,Toyota_Innova
Toyota_Innova_674.jpg,Toyota_Innova
Toyota_Innova_676.jpg,Toyota_Innova
Toyota_Innova_678.jpg,Toyota_Innova
Toyota_Innova_680.jpg,Toyota_Innova
Toyota_Innova_681.jpg,Toyota_Innova
Toyota_Innova_682.jpg,Toyota_Innova
Toyota_Innova_683.jpg,Toyota_Innova
Toyota_Innova_687.jpg,Toyota_Innova
Toyota_Innova_688.jpg,Toyota_Innova
Toyota_Innova_689.jpg,Toyota_Innova
Toyota_Innova_690.jpg,Toyota_Innova
Toyota_Innova_691.jpg,Toyota_Innova
Toyota_Innova_693.jpg,Toyota_Innova
Toyota_Innova_694.jpg,Toyota_Innova
Toyota_Innova_696.jpg,Toyota_Innova
Toyota_Innova_697.jpg,Toyota_Innova
Toyota_Innova_6.jpg,Toyota_Innova
Toyota_Innova_57.jpg,Toyota_Innova
Toyota_Innova_58.jpg,Toyota_Innova
Toyota_Innova_59.jpg,Toyota_Innova
Toyota_Innova_60.jpg,Toyota_Innova
Toyota_Innova_552.jpg,Toyota_Innova
Toyota_Innova_554.jpg,Toyota_Innova
Toyota_Innova_555.jpg,Toyota_Innova
Toyota_Innova_556.jpg,Toyota_Innova
Toyota_Innova_557.jpg,Toyota_Innova
Toyota_Innova_558.jpg,Toyota_Innova
Toyota_Innova_559.jpg,Toyota_Innova
Toyota_Innova_561.jpg,Toyota_Innova
Toyota_Innova_562.jpg,Toyota_Innova
Toyota_Innova_563.jpg,Toyota_Innova
Toyota_Innova_564.jpg,Toyota_Innova
Toyota_Innova_565.jpg,Toyota_Innova
Toyota_Innova_566.jpg,Toyota_Innova
Toyota_Innova_569.jpg,Toyota_Innova
Toyota_Innova_571.jpg,Toyota_Innova
Toyota_Innova_573.jpg,Toyota_Innova
Toyota_Innova_576.jpg,Toyota_Innova
Toyota_Innova_577.jpg,Toyota_Innova
Toyota_Innova_580.jpg,Toyota_Innova
Toyota_Innova_581.jpg,Toyota_Innova
Toyota_Innova_582.jpg,Toyota_Innova
Toyota_Innova_584.jpg,Toyota_Innova
Toyota_Innova_586.jpg,Toyota_Innova
Toyota_Innova_587.jpg,Toyota_Innova
Toyota_Innova_588.jpg,Toyota_Innova
Toyota_Innova_589.jpg,Toyota_Innova
Toyota_Innova_591.jpg,Toyota_Innova
Toyota_Innova_592.jpg,Toyota_Innova
Toyota_Innova_593.jpg,Toyota_Innova
Toyota_Innova_594.jpg,Toyota_Innova
Toyota_Innova_595.jpg,Toyota_Innova
Toyota_Innova_597.jpg,Toyota_Innova
Toyota_Innova_598.jpg,Toyota_Innova
Toyota_Innova_600.jpg,Toyota_Innova
Toyota_Innova_604.jpg,Toyota_Innova
Toyota_Innova_605.jpg,Toyota_Innova
Toyota_Innova_607.jpg,Toyota_Innova
Toyota_Innova_608.jpg,Toyota_Innova
Toyota_Innova_610.jpg,Toyota_Innova
Toyota_Innova_611.jpg,Toyota_Innova
Toyota_Innova_612.jpg,Toyota_Innova
Toyota_Innova_613.jpg,Toyota_Innova
Toyota_Innova_614.jpg,Toyota_Innova
Toyota_Innova_617.jpg,Toyota_Innova
Toyota_Innova_618.jpg,Toyota_Innova
Toyota_Innova_621.jpg,Toyota_Innova
Toyota_Innova_622.jpg,Toyota_Innova
Toyota_Innova_623.jpg,Toyota_Innova
Toyota_Innova_625.jpg,Toyota_Innova
Toyota_Innova_627.jpg,Toyota_Innova
Toyota_Innova_628.jpg,Toyota_Innova
Toyota_Innova_5.jpg,Toyota_Innova
Toyota_Innova_49.jpg,Toyota_Innova
Toyota_Innova_50.jpg,Toyota_Innova
Toyota_Innova_52.jpg,Toyota_Innova
Toyota_Innova_53.jpg,Toyota_Innova
Toyota_Innova_54.jpg,Toyota_Innova
Toyota_Innova_55.jpg,Toyota_Innova
Toyota_Innova_483.jpg,Toyota_Innova
Toyota_Innova_484.jpg,Toyota_Innova
Toyota_Innova_485.jpg,Toyota_Innova
Toyota_Innova_486.jpg,Toyota_Innova
Toyota_Innova_488.jpg,Toyota_Innova
Toyota_Innova_492.jpg,Toyota_Innova
Toyota_Innova_493.jpg,Toyota_Innova
Toyota_Innova_494.jpg,Toyota_Innova
Toyota_Innova_496.jpg,Toyota_Innova
Toyota_Innova_497.jpg,Toyota_Innova
Toyota_Innova_498.jpg,Toyota_Innova
Toyota_Innova_499.jpg,Toyota_Innova
Toyota_Innova_502.jpg,Toyota_Innova
Toyota_Innova_504.jpg,Toyota_Innova
Toyota_Innova_507.jpg,Toyota_Innova
Toyota_Innova_508.jpg,Toyota_Innova
Toyota_Innova_509.jpg,Toyota_Innova
Toyota_Innova_510.jpg,Toyota_Innova
Toyota_Innova_512.jpg,Toyota_Innova
Toyota_Innova_515.jpg,Toyota_Innova
Toyota_Innova_516.jpg,Toyota_Innova
Toyota_Innova_517.jpg,Toyota_Innova
Toyota_Innova_519.jpg,Toyota_Innova
Toyota_Innova_521.jpg,Toyota_Innova
Toyota_Innova_522.jpg,Toyota_Innova
Toyota_Innova_524.jpg,Toyota_Innova
Toyota_Innova_526.jpg,Toyota_Innova
Toyota_Innova_527.jpg,Toyota_Innova
Toyota_Innova_528.jpg,Toyota_Innova
Toyota_Innova_529.jpg,Toyota_Innova
Toyota_Innova_530.jpg,Toyota_Innova
Toyota_Innova_531.jpg,Toyota_Innova
Toyota_Innova_532.jpg,Toyota_Innova
Toyota_Innova_533.jpg,Toyota_Innova
Toyota_Innova_534.jpg,Toyota_Innova
Toyota_Innova_535.jpg,Toyota_Innova
Toyota_Innova_536.jpg,Toyota_Innova
Toyota_Innova_537.jpg,Toyota_Innova
Toyota_Innova_538.jpg,Toyota_Innova
Toyota_Innova_539.jpg,Toyota_Innova
Toyota_Innova_540.jpg,Toyota_Innova
Toyota_Innova_541.jpg,Toyota_Innova
Toyota_Innova_542.jpg,Toyota_Innova
Toyota_Innova_544.jpg,Toyota_Innova
Toyota_Innova_545.jpg,Toyota_Innova
Toyota_Innova_546.jpg,Toyota_Innova
Toyota_Innova_547.jpg,Toyota_Innova
Toyota_Innova_549.jpg,Toyota_Innova
Toyota_Innova_4.jpg,Toyota_Innova
Toyota_Innova_42.jpg,Toyota_Innova
Toyota_Innova_48.jpg,Toyota_Innova
Toyota_Innova_391.jpg,Toyota_Innova
Toyota_Innova_392.jpg,Toyota_Innova
Toyota_Innova_393.jpg,Toyota_Innova
Toyota_Innova_394.jpg,Toyota_Innova
Toyota_Innova_397.jpg,Toyota_Innova
Toyota_Innova_398.jpg,Toyota_Innova
Toyota_Innova_399.jpg,Toyota_Innova
Toyota_Innova_400.jpg,Toyota_Innova
Toyota_Innova_402.jpg,Toyota_Innova
Toyota_Innova_403.jpg,Toyota_Innova
Toyota_Innova_406.jpg,Toyota_Innova
Toyota_Innova_407.jpg,Toyota_Innova
Toyota_Innova_408.jpg,Toyota_Innova
Toyota_Innova_409.jpg,Toyota_Innova
Toyota_Innova_410.jpg,Toyota_Innova
Toyota_Innova_417.jpg,Toyota_Innova
Toyota_Innova_418.jpg,Toyota_Innova
Toyota_Innova_419.jpg,Toyota_Innova
Toyota_Innova_422.jpg,Toyota_Innova
Toyota_Innova_423.jpg,Toyota_Innova
Toyota_Innova_426.jpg,Toyota_Innova
Toyota_Innova_427.jpg,Toyota_Innova
Toyota_Innova_428.jpg,Toyota_Innova
Toyota_Innova_429.jpg,Toyota_Innova
Toyota_Innova_430.jpg,Toyota_Innova
Toyota_Innova_432.jpg,Toyota_Innova
Toyota_Innova_434.jpg,Toyota_Innova
Toyota_Innova_435.jpg,Toyota_Innova
Toyota_Innova_436.jpg,Toyota_Innova
Toyota_Innova_437.jpg,Toyota_Innova
Toyota_Innova_439.jpg,Toyota_Innova
Toyota_Innova_440.jpg,Toyota_Innova
Toyota_Innova_443.jpg,Toyota_Innova
Toyota_Innova_446.jpg,Toyota_Innova
Toyota_Innova_447.jpg,Toyota_Innova
Toyota_Innova_448.jpg,Toyota_Innova
Toyota_Innova_451.jpg,Toyota_Innova
Toyota_Innova_454.jpg,Toyota_Innova
Toyota_Innova_455.jpg,Toyota_Innova
Toyota_Innova_456.jpg,Toyota_Innova
Toyota_Innova_457.jpg,Toyota_Innova
Toyota_Innova_462.jpg,Toyota_Innova
Toyota_Innova_464.jpg,Toyota_Innova
Toyota_Innova_467.jpg,Toyota_Innova
Toyota_Innova_468.jpg,Toyota_Innova
Toyota_Innova_469.jpg,Toyota_Innova
Toyota_Innova_470.jpg,Toyota_Innova
Toyota_Innova_471.jpg,Toyota_Innova
Toyota_Innova_473.jpg,Toyota_Innova
Toyota_Innova_474.jpg,Toyota_Innova
Toyota_Innova_477.jpg,Toyota_Innova
Toyota_Innova_478.jpg,Toyota_Innova
Toyota_Innova_479.jpg,Toyota_Innova
Toyota_Innova_480.jpg,Toyota_Innova
Toyota_Innova_481.jpg,Toyota_Innova
Toyota_Innova_31.jpg,Toyota_Innova
Toyota_Innova_32.jpg,Toyota_Innova
Toyota_Innova_34.jpg,Toyota_Innova
Toyota_Innova_37.jpg,Toyota_Innova
Toyota_Innova_38.jpg,Toyota_Innova
Toyota_Innova_39.jpg,Toyota_Innova
Toyota_Innova_305.jpg,Toyota_Innova
Toyota_Innova_307.jpg,Toyota_Innova
Toyota_Innova_308.jpg,Toyota_Innova
Toyota_Innova_309.jpg,Toyota_Innova
Toyota_Innova_310.jpg,Toyota_Innova
Toyota_Innova_311.jpg,Toyota_Innova
Toyota_Innova_312.jpg,Toyota_Innova
Toyota_Innova_313.jpg,Toyota_Innova
Toyota_Innova_315.jpg,Toyota_Innova
Toyota_Innova_317.jpg,Toyota_Innova
Toyota_Innova_319.jpg,Toyota_Innova
Toyota_Innova_322.jpg,Toyota_Innova
Toyota_Innova_324.jpg,Toyota_Innova
Toyota_Innova_325.jpg,Toyota_Innova
Toyota_Innova_328.jpg,Toyota_Innova
Toyota_Innova_329.jpg,Toyota_Innova
Toyota_Innova_330.jpg,Toyota_Innova
Toyota_Innova_331.jpg,Toyota_Innova
Toyota_Innova_332.jpg,Toyota_Innova
Toyota_Innova_334.jpg,Toyota_Innova
Toyota_Innova_336.jpg,Toyota_Innova
Toyota_Innova_339.jpg,Toyota_Innova
Toyota_Innova_340.jpg,Toyota_Innova
Toyota_Innova_341.jpg,Toyota_Innova
Toyota_Innova_344.jpg,Toyota_Innova
Toyota_Innova_346.jpg,Toyota_Innova
Toyota_Innova_347.jpg,Toyota_Innova
Toyota_Innova_356.jpg,Toyota_Innova
Toyota_Innova_357.jpg,Toyota_Innova
Toyota_Innova_359.jpg,Toyota_Innova
Toyota_Innova_361.jpg,Toyota_Innova
Toyota_Innova_362.jpg,Toyota_Innova
Toyota_Innova_363.jpg,Toyota_Innova
Toyota_Innova_364.jpg,Toyota_Innova
Toyota_Innova_366.jpg,Toyota_Innova
Toyota_Innova_369.jpg,Toyota_Innova
Toyota_Innova_370.jpg,Toyota_Innova
Toyota_Innova_371.jpg,Toyota_Innova
Toyota_Innova_372.jpg,Toyota_Innova
Toyota_Innova_374.jpg,Toyota_Innova
Toyota_Innova_375.jpg,Toyota_Innova
Toyota_Innova_378.jpg,Toyota_Innova
Toyota_Innova_380.jpg,Toyota_Innova
Toyota_Innova_382.jpg,Toyota_Innova
Toyota_Innova_383.jpg,Toyota_Innova
Toyota_Innova_384.jpg,Toyota_Innova
Toyota_Innova_385.jpg,Toyota_Innova
Toyota_Innova_389.jpg,Toyota_Innova
Toyota_Innova_390.jpg,Toyota_Innova
Toyota_Innova_3.jpg,Toyota_Innova
Toyota_Innova_24.jpg,Toyota_Innova
Toyota_Innova_25.jpg,Toyota_Innova
Toyota_Innova_26.jpg,Toyota_Innova
Toyota_Innova_28.jpg,Toyota_Innova
Toyota_Innova_29.jpg,Toyota_Innova
Toyota_Innova_30.jpg,Toyota_Innova
Toyota_Innova_230.jpg,Toyota_Innova
Toyota_Innova_231.jpg,Toyota_Innova
Toyota_Innova_232.jpg,Toyota_Innova
Toyota_Innova_234.jpg,Toyota_Innova
Toyota_Innova_235.jpg,Toyota_Innova
Toyota_Innova_236.jpg,Toyota_Innova
Toyota_Innova_237.jpg,Toyota_Innova
Toyota_Innova_238.jpg,Toyota_Innova
Toyota_Innova_240.jpg,Toyota_Innova
Toyota_Innova_242.jpg,Toyota_Innova
Toyota_Innova_245.jpg,Toyota_Innova
Toyota_Innova_246.jpg,Toyota_Innova
Toyota_Innova_247.jpg,Toyota_Innova
Toyota_Innova_248.jpg,Toyota_Innova
Toyota_Innova_249.jpg,Toyota_Innova
Toyota_Innova_250.jpg,Toyota_Innova
Toyota_Innova_251.jpg,Toyota_Innova
Toyota_Innova_252.jpg,Toyota_Innova
Toyota_Innova_253.jpg,Toyota_Innova
Toyota_Innova_254.jpg,Toyota_Innova
Toyota_Innova_255.jpg,Toyota_Innova
Toyota_Innova_256.jpg,Toyota_Innova
Toyota_Innova_257.jpg,Toyota_Innova
Toyota_Innova_260.jpg,Toyota_Innova
Toyota_Innova_262.jpg,Toyota_Innova
Toyota_Innova_263.jpg,Toyota_Innova
Toyota_Innova_266.jpg,Toyota_Innova
Toyota_Innova_267.jpg,Toyota_Innova
Toyota_Innova_269.jpg,Toyota_Innova
Toyota_Innova_272.jpg,Toyota_Innova
Toyota_Innova_273.jpg,Toyota_Innova
Toyota_Innova_274.jpg,Toyota_Innova
Toyota_Innova_275.jpg,Toyota_Innova
Toyota_Innova_277.jpg,Toyota_Innova
Toyota_Innova_279.jpg,Toyota_Innova
Toyota_Innova_282.jpg,Toyota_Innova
Toyota_Innova_286.jpg,Toyota_Innova
Toyota_Innova_287.jpg,Toyota_Innova
Toyota_Innova_288.jpg,Toyota_Innova
Toyota_Innova_290.jpg,Toyota_Innova
Toyota_Innova_291.jpg,Toyota_Innova
Toyota_Innova_292.jpg,Toyota_Innova
Toyota_Innova_293.jpg,Toyota_Innova
Toyota_Innova_295.jpg,Toyota_Innova
Toyota_Innova_296.jpg,Toyota_Innova
Toyota_Innova_298.jpg,Toyota_Innova
Toyota_Innova_300.jpg,Toyota_Innova
Toyota_Innova_302.jpg,Toyota_Innova
Toyota_Innova_303.jpg,Toyota_Innova
Toyota_Innova_2.jpg,Toyota_Innova
Toyota_Innova_15.jpg,Toyota_Innova
Toyota_Innova_17.jpg,Toyota_Innova
Toyota_Innova_18.jpg,Toyota_Innova
Toyota_Innova_20.jpg,Toyota_Innova
Toyota_Innova_151.jpg,Toyota_Innova
Toyota_Innova_152.jpg,Toyota_Innova
Toyota_Innova_154.jpg,Toyota_Innova
Toyota_Innova_158.jpg,Toyota_Innova
Toyota_Innova_159.jpg,Toyota_Innova
Toyota_Innova_160.jpg,Toyota_Innova
Toyota_Innova_161.jpg,Toyota_Innova
Toyota_Innova_165.jpg,Toyota_Innova
Toyota_Innova_166.jpg,Toyota_Innova
Toyota_Innova_169.jpg,Toyota_Innova
Toyota_Innova_170.jpg,Toyota_Innova
Toyota_Innova_171.jpg,Toyota_Innova
Toyota_Innova_174.jpg,Toyota_Innova
Toyota_Innova_175.jpg,Toyota_Innova
Toyota_Innova_176.jpg,Toyota_Innova
Toyota_Innova_178.jpg,Toyota_Innova
Toyota_Innova_180.jpg,Toyota_Innova
Toyota_Innova_181.jpg,Toyota_Innova
Toyota_Innova_182.jpg,Toyota_Innova
Toyota_Innova_183.jpg,Toyota_Innova
Toyota_Innova_184.jpg,Toyota_Innova
Toyota_Innova_185.jpg,Toyota_Innova
Toyota_Innova_186.jpg,Toyota_Innova
Toyota_Innova_188.jpg,Toyota_Innova
Toyota_Innova_189.jpg,Toyota_Innova
Toyota_Innova_191.jpg,Toyota_Innova
Toyota_Innova_193.jpg,Toyota_Innova
Toyota_Innova_196.jpg,Toyota_Innova
Toyota_Innova_197.jpg,Toyota_Innova
Toyota_Innova_198.jpg,Toyota_Innova
Toyota_Innova_200.jpg,Toyota_Innova
Toyota_Innova_201.jpg,Toyota_Innova
Toyota_Innova_202.jpg,Toyota_Innova
Toyota_Innova_203.jpg,Toyota_Innova
Toyota_Innova_204.jpg,Toyota_Innova
Toyota_Innova_205.jpg,Toyota_Innova
Toyota_Innova_206.jpg,Toyota_Innova
Toyota_Innova_207.jpg,Toyota_Innova
Toyota_Innova_208.jpg,Toyota_Innova
Toyota_Innova_211.jpg,Toyota_Innova
Toyota_Innova_215.jpg,Toyota_Innova
Toyota_Innova_217.jpg,Toyota_Innova
Toyota_Innova_218.jpg,Toyota_Innova
Toyota_Innova_219.jpg,Toyota_Innova
Toyota_Innova_220.jpg,Toyota_Innova
Toyota_Innova_224.jpg,Toyota_Innova
Toyota_Innova_225.jpg,Toyota_Innova
Toyota_Innova_227.jpg,Toyota_Innova
Toyota_Innova_228.jpg,Toyota_Innova
Toyota_Innova_229.jpg,Toyota_Innova
Toyota_Innova_13.jpg,Toyota_Innova
Toyota_Innova_14.jpg,Toyota_Innova
Toyota_Innova_126.jpg,Toyota_Innova
Toyota_Innova_127.jpg,Toyota_Innova
Toyota_Innova_128.jpg,Toyota_Innova
Toyota_Innova_129.jpg,Toyota_Innova
Toyota_Innova_131.jpg,Toyota_Innova
Toyota_Innova_132.jpg,Toyota_Innova
Toyota_Innova_134.jpg,Toyota_Innova
Toyota_Innova_136.jpg,Toyota_Innova
Toyota_Innova_139.jpg,Toyota_Innova
Toyota_Innova_140.jpg,Toyota_Innova
Toyota_Innova_145.jpg,Toyota_Innova
Toyota_Innova_146.jpg,Toyota_Innova
Toyota_Innova_148.jpg,Toyota_Innova
Toyota_Innova_149.jpg,Toyota_Innova
Toyota_Innova_1250.jpg,Toyota_Innova
Toyota_Innova_1252.jpg,Toyota_Innova
Toyota_Innova_1253.jpg,Toyota_Innova
Toyota_Innova_1254.jpg,Toyota_Innova
Toyota_Innova_1255.jpg,Toyota_Innova
Toyota_Innova_1256.jpg,Toyota_Innova
Toyota_Innova_1257.jpg,Toyota_Innova
Toyota_Innova_1258.jpg,Toyota_Innova
Toyota_Innova_1259.jpg,Toyota_Innova
Toyota_Innova_1261.jpg,Toyota_Innova
Toyota_Innova_1262.jpg,Toyota_Innova
Toyota_Innova_1264.jpg,Toyota_Innova
Toyota_Innova_1267.jpg,Toyota_Innova
Toyota_Innova_1269.jpg,Toyota_Innova
Toyota_Innova_1272.jpg,Toyota_Innova
Toyota_Innova_1273.jpg,Toyota_Innova
Toyota_Innova_1274.jpg,Toyota_Innova
Toyota_Innova_1275.jpg,Toyota_Innova
Toyota_Innova_1276.jpg,Toyota_Innova
Toyota_Innova_1277.jpg,Toyota_Innova
Toyota_Innova_1278.jpg,Toyota_Innova
Toyota_Innova_1280.jpg,Toyota_Innova
Toyota_Innova_1281.jpg,Toyota_Innova
Toyota_Innova_1282.jpg,Toyota_Innova
Toyota_Innova_1283.jpg,Toyota_Innova
Toyota_Innova_1284.jpg,Toyota_Innova
Toyota_Innova_1285.jpg,Toyota_Innova
Toyota_Innova_1286.jpg,Toyota_Innova
Toyota_Innova_1287.jpg,Toyota_Innova
Toyota_Innova_1288.jpg,Toyota_Innova
Toyota_Innova_1289.jpg,Toyota_Innova
Toyota_Innova_1290.jpg,Toyota_Innova
Toyota_Innova_1291.jpg,Toyota_Innova
Toyota_Innova_1292.jpg,Toyota_Innova
Toyota_Innova_1294.jpg,Toyota_Innova
Toyota_Innova_1295.jpg,Toyota_Innova
Toyota_Innova_1296.jpg,Toyota_Innova
Toyota_Innova_1297.jpg,Toyota_Innova
Toyota_Innova_1298.jpg,Toyota_Innova
Toyota_Innova_1300.jpg,Toyota_Innova
Toyota_Innova_11.jpg,Toyota_Innova
Toyota_Innova_12.jpg,Toyota_Innova
Toyota_Innova_110.jpg,Toyota_Innova
Toyota_Innova_111.jpg,Toyota_Innova
Toyota_Innova_112.jpg,Toyota_Innova
Toyota_Innova_114.jpg,Toyota_Innova
Toyota_Innova_115.jpg,Toyota_Innova
Toyota_Innova_117.jpg,Toyota_Innova
Toyota_Innova_121.jpg,Toyota_Innova
Toyota_Innova_122.jpg,Toyota_Innova
Toyota_Innova_123.jpg,Toyota_Innova
Toyota_Innova_124.jpg,Toyota_Innova
Toyota_Innova_125.jpg,Toyota_Innova
Toyota_Innova_1094.jpg,Toyota_Innova
Toyota_Innova_1096.jpg,Toyota_Innova
Toyota_Innova_1097.jpg,Toyota_Innova
Toyota_Innova_1098.jpg,Toyota_Innova
Toyota_Innova_1099.jpg,Toyota_Innova
Toyota_Innova_1102.jpg,Toyota_Innova
Toyota_Innova_1103.jpg,Toyota_Innova
Toyota_Innova_1104.jpg,Toyota_Innova
Toyota_Innova_1108.jpg,Toyota_Innova
Toyota_Innova_1109.jpg,Toyota_Innova
Toyota_Innova_1111.jpg,Toyota_Innova
Toyota_Innova_1112.jpg,Toyota_Innova
Toyota_Innova_1113.jpg,Toyota_Innova
Toyota_Innova_1116.jpg,Toyota_Innova
Toyota_Innova_1118.jpg,Toyota_Innova
Toyota_Innova_1120.jpg,Toyota_Innova
Toyota_Innova_1223.jpg,Toyota_Innova
Toyota_Innova_1224.jpg,Toyota_Innova
Toyota_Innova_1225.jpg,Toyota_Innova
Toyota_Innova_1226.jpg,Toyota_Innova
Toyota_Innova_1227.jpg,Toyota_Innova
Toyota_Innova_1229.jpg,Toyota_Innova
Toyota_Innova_1230.jpg,Toyota_Innova
Toyota_Innova_1231.jpg,Toyota_Innova
Toyota_Innova_1233.jpg,Toyota_Innova
Toyota_Innova_1234.jpg,Toyota_Innova
Toyota_Innova_1235.jpg,Toyota_Innova
Toyota_Innova_1237.jpg,Toyota_Innova
Toyota_Innova_1238.jpg,Toyota_Innova
Toyota_Innova_1239.jpg,Toyota_Innova
Toyota_Innova_1240.jpg,Toyota_Innova
Toyota_Innova_1241.jpg,Toyota_Innova
Toyota_Innova_1242.jpg,Toyota_Innova
Toyota_Innova_1243.jpg,Toyota_Innova
Toyota_Innova_1244.jpg,Toyota_Innova
Toyota_Innova_1245.jpg,Toyota_Innova
Toyota_Innova_1249.jpg,Toyota_Innova
Toyota_Innova_103.jpg,Toyota_Innova
Toyota_Innova_105.jpg,Toyota_Innova
Toyota_Innova_106.jpg,Toyota_Innova
Toyota_Innova_107.jpg,Toyota_Innova
Toyota_Innova_108.jpg,Toyota_Innova
Toyota_Innova_109.jpg,Toyota_Innova
Toyota_Innova_1015.jpg,Toyota_Innova
Toyota_Innova_1016.jpg,Toyota_Innova
Toyota_Innova_1017.jpg,Toyota_Innova
Toyota_Innova_1019.jpg,Toyota_Innova
Toyota_Innova_1020.jpg,Toyota_Innova
Toyota_Innova_1021.jpg,Toyota_Innova
Toyota_Innova_1022.jpg,Toyota_Innova
Toyota_Innova_1023.jpg,Toyota_Innova
Toyota_Innova_1025.jpg,Toyota_Innova
Toyota_Innova_1027.jpg,Toyota_Innova
Toyota_Innova_1028.jpg,Toyota_Innova
Toyota_Innova_1031.jpg,Toyota_Innova
Toyota_Innova_1033.jpg,Toyota_Innova
Toyota_Innova_1036.jpg,Toyota_Innova
Toyota_Innova_1039.jpg,Toyota_Innova
Toyota_Innova_1040.jpg,Toyota_Innova
Toyota_Innova_1041.jpg,Toyota_Innova
Toyota_Innova_1044.jpg,Toyota_Innova
Toyota_Innova_1045.jpg,Toyota_Innova
Toyota_Innova_1046.jpg,Toyota_Innova
Toyota_Innova_1047.jpg,Toyota_Innova
Toyota_Innova_1048.jpg,Toyota_Innova
Toyota_Innova_1049.jpg,Toyota_Innova
Toyota_Innova_1050.jpg,Toyota_Innova
Toyota_Innova_1052.jpg,Toyota_Innova
Toyota_Innova_1054.jpg,Toyota_Innova
Toyota_Innova_1056.jpg,Toyota_Innova
Toyota_Innova_1058.jpg,Toyota_Innova
Toyota_Innova_1059.jpg,Toyota_Innova
Toyota_Innova_1060.jpg,Toyota_Innova
Toyota_Innova_1061.jpg,Toyota_Innova
Toyota_Innova_1062.jpg,Toyota_Innova
Toyota_Innova_1064.jpg,Toyota_Innova
Toyota_Innova_1065.jpg,Toyota_Innova
Toyota_Innova_1067.jpg,Toyota_Innova
Toyota_Innova_1068.jpg,Toyota_Innova
Toyota_Innova_1069.jpg,Toyota_Innova
Toyota_Innova_1072.jpg,Toyota_Innova
Toyota_Innova_1073.jpg,Toyota_Innova
Toyota_Innova_1074.jpg,Toyota_Innova
Toyota_Innova_1076.jpg,Toyota_Innova
Toyota_Innova_1078.jpg,Toyota_Innova
Toyota_Innova_1079.jpg,Toyota_Innova
Toyota_Innova_1081.jpg,Toyota_Innova
Toyota_Innova_1085.jpg,Toyota_Innova
Toyota_Innova_1087.jpg,Toyota_Innova
Toyota_Innova_1088.jpg,Toyota_Innova
Toyota_Innova_1089.jpg,Toyota_Innova
Toyota_Innova_1091.jpg,Toyota_Innova
Tata_Safari_7.jpg,Tata_Safari
Tata_Safari_8.jpg,Tata_Safari
Tata_Safari_70.jpg,Tata_Safari
Tata_Safari_71.jpg,Tata_Safari
Tata_Safari_76.jpg,Tata_Safari
Tata_Safari_77.jpg,Tata_Safari
Tata_Safari_78.jpg,Tata_Safari
Tata_Safari_79.jpg,Tata_Safari
Tata_Safari_82.jpg,Tata_Safari
Tata_Safari_83.jpg,Tata_Safari
Tata_Safari_84.jpg,Tata_Safari
Tata_Safari_85.jpg,Tata_Safari
Tata_Safari_86.jpg,Tata_Safari
Tata_Safari_90.jpg,Tata_Safari
Tata_Safari_93.jpg,Tata_Safari
Tata_Safari_94.jpg,Tata_Safari
Tata_Safari_97.jpg,Tata_Safari
Tata_Safari_98.jpg,Tata_Safari
Tata_Safari_99.jpg,Tata_Safari
Tata_Safari_689.jpg,Tata_Safari
Tata_Safari_690.jpg,Tata_Safari
Tata_Safari_691.jpg,Tata_Safari
Tata_Safari_692.jpg,Tata_Safari
Tata_Safari_693.jpg,Tata_Safari
Tata_Safari_694.jpg,Tata_Safari
Tata_Safari_695.jpg,Tata_Safari
Tata_Safari_696.jpg,Tata_Safari
Tata_Safari_699.jpg,Tata_Safari
Tata_Safari_700.jpg,Tata_Safari
Tata_Safari_701.jpg,Tata_Safari
Tata_Safari_702.jpg,Tata_Safari
Tata_Safari_706.jpg,Tata_Safari
Tata_Safari_707.jpg,Tata_Safari
Tata_Safari_709.jpg,Tata_Safari
Tata_Safari_710.jpg,Tata_Safari
Tata_Safari_711.jpg,Tata_Safari
Tata_Safari_712.jpg,Tata_Safari
Tata_Safari_714.jpg,Tata_Safari
Tata_Safari_715.jpg,Tata_Safari
Tata_Safari_716.jpg,Tata_Safari
Tata_Safari_719.jpg,Tata_Safari
Tata_Safari_720.jpg,Tata_Safari
Toyota_Innova.jpg,Toyota_Innova
Toyota_Innova_10.jpg,Toyota_Innova
Toyota_Innova_101.jpg,Toyota_Innova
Toyota_Innova_1001.jpg,Toyota_Innova
Toyota_Innova_1003.jpg,Toyota_Innova
Toyota_Innova_1005.jpg,Toyota_Innova
Toyota_Innova_1007.jpg,Toyota_Innova
Toyota_Innova_1008.jpg,Toyota_Innova
Toyota_Innova_1011.jpg,Toyota_Innova
Toyota_Innova_1014.jpg,Toyota_Innova
Tata_Safari_61.jpg,Tata_Safari
Tata_Safari_63.jpg,Tata_Safari
Tata_Safari_64.jpg,Tata_Safari
Tata_Safari_65.jpg,Tata_Safari
Tata_Safari_68.jpg,Tata_Safari
Tata_Safari_609.jpg,Tata_Safari
Tata_Safari_611.jpg,Tata_Safari
Tata_Safari_613.jpg,Tata_Safari
Tata_Safari_615.jpg,Tata_Safari
Tata_Safari_617.jpg,Tata_Safari
Tata_Safari_618.jpg,Tata_Safari
Tata_Safari_619.jpg,Tata_Safari
Tata_Safari_623.jpg,Tata_Safari
Tata_Safari_624.jpg,Tata_Safari
Tata_Safari_625.jpg,Tata_Safari
Tata_Safari_627.jpg,Tata_Safari
Tata_Safari_629.jpg,Tata_Safari
Tata_Safari_632.jpg,Tata_Safari
Tata_Safari_633.jpg,Tata_Safari
Tata_Safari_634.jpg,Tata_Safari
Tata_Safari_636.jpg,Tata_Safari
Tata_Safari_637.jpg,Tata_Safari
Tata_Safari_638.jpg,Tata_Safari
Tata_Safari_639.jpg,Tata_Safari
Tata_Safari_640.jpg,Tata_Safari
Tata_Safari_641.jpg,Tata_Safari
Tata_Safari_642.jpg,Tata_Safari
Tata_Safari_645.jpg,Tata_Safari
Tata_Safari_646.jpg,Tata_Safari
Tata_Safari_648.jpg,Tata_Safari
Tata_Safari_649.jpg,Tata_Safari
Tata_Safari_650.jpg,Tata_Safari
Tata_Safari_652.jpg,Tata_Safari
Tata_Safari_653.jpg,Tata_Safari
Tata_Safari_655.jpg,Tata_Safari
Tata_Safari_656.jpg,Tata_Safari
Tata_Safari_657.jpg,Tata_Safari
Tata_Safari_658.jpg,Tata_Safari
Tata_Safari_661.jpg,Tata_Safari
Tata_Safari_663.jpg,Tata_Safari
Tata_Safari_665.jpg,Tata_Safari
Tata_Safari_668.jpg,Tata_Safari
Tata_Safari_670.jpg,Tata_Safari
Tata_Safari_672.jpg,Tata_Safari
Tata_Safari_673.jpg,Tata_Safari
Tata_Safari_675.jpg,Tata_Safari
Tata_Safari_676.jpg,Tata_Safari
Tata_Safari_678.jpg,Tata_Safari
Tata_Safari_679.jpg,Tata_Safari
Tata_Safari_680.jpg,Tata_Safari
Tata_Safari_681.jpg,Tata_Safari
Tata_Safari_683.jpg,Tata_Safari
Tata_Safari_685.jpg,Tata_Safari
Tata_Safari_686.jpg,Tata_Safari
Tata_Safari_687.jpg,Tata_Safari
Tata_Safari_688.jpg,Tata_Safari
Tata_Safari_6.jpg,Tata_Safari
Tata_Safari_53.jpg,Tata_Safari
Tata_Safari_54.jpg,Tata_Safari
Tata_Safari_55.jpg,Tata_Safari
Tata_Safari_56.jpg,Tata_Safari
Tata_Safari_57.jpg,Tata_Safari
Tata_Safari_58.jpg,Tata_Safari
Tata_Safari_59.jpg,Tata_Safari
Tata_Safari_524.jpg,Tata_Safari
Tata_Safari_527.jpg,Tata_Safari
Tata_Safari_532.jpg,Tata_Safari
Tata_Safari_533.jpg,Tata_Safari
Tata_Safari_536.jpg,Tata_Safari
Tata_Safari_537.jpg,Tata_Safari
Tata_Safari_538.jpg,Tata_Safari
Tata_Safari_539.jpg,Tata_Safari
Tata_Safari_542.jpg,Tata_Safari
Tata_Safari_545.jpg,Tata_Safari
Tata_Safari_546.jpg,Tata_Safari
Tata_Safari_547.jpg,Tata_Safari
Tata_Safari_548.jpg,Tata_Safari
Tata_Safari_552.jpg,Tata_Safari
Tata_Safari_554.jpg,Tata_Safari
Tata_Safari_555.jpg,Tata_Safari
Tata_Safari_557.jpg,Tata_Safari
Tata_Safari_562.jpg,Tata_Safari
Tata_Safari_564.jpg,Tata_Safari
Tata_Safari_565.jpg,Tata_Safari
Tata_Safari_566.jpg,Tata_Safari
Tata_Safari_569.jpg,Tata_Safari
Tata_Safari_570.jpg,Tata_Safari
Tata_Safari_571.jpg,Tata_Safari
Tata_Safari_573.jpg,Tata_Safari
Tata_Safari_574.jpg,Tata_Safari
Tata_Safari_576.jpg,Tata_Safari
Tata_Safari_577.jpg,Tata_Safari
Tata_Safari_578.jpg,Tata_Safari
Tata_Safari_579.jpg,Tata_Safari
Tata_Safari_582.jpg,Tata_Safari
Tata_Safari_584.jpg,Tata_Safari
Tata_Safari_585.jpg,Tata_Safari
Tata_Safari_587.jpg,Tata_Safari
Tata_Safari_588.jpg,Tata_Safari
Tata_Safari_590.jpg,Tata_Safari
Tata_Safari_592.jpg,Tata_Safari
Tata_Safari_594.jpg,Tata_Safari
Tata_Safari_595.jpg,Tata_Safari
Tata_Safari_597.jpg,Tata_Safari
Tata_Safari_598.jpg,Tata_Safari
Tata_Safari_600.jpg,Tata_Safari
Tata_Safari_603.jpg,Tata_Safari
Tata_Safari_605.jpg,Tata_Safari
Tata_Safari_606.jpg,Tata_Safari
Tata_Safari_607.jpg,Tata_Safari
Tata_Safari_44.jpg,Tata_Safari
Tata_Safari_47.jpg,Tata_Safari
Tata_Safari_48.jpg,Tata_Safari
Tata_Safari_49.jpg,Tata_Safari
Tata_Safari_52.jpg,Tata_Safari
Tata_Safari_436.jpg,Tata_Safari
Tata_Safari_437.jpg,Tata_Safari
Tata_Safari_438.jpg,Tata_Safari
Tata_Safari_439.jpg,Tata_Safari
Tata_Safari_440.jpg,Tata_Safari
Tata_Safari_441.jpg,Tata_Safari
Tata_Safari_442.jpg,Tata_Safari
Tata_Safari_444.jpg,Tata_Safari
Tata_Safari_446.jpg,Tata_Safari
Tata_Safari_447.jpg,Tata_Safari
Tata_Safari_448.jpg,Tata_Safari
Tata_Safari_449.jpg,Tata_Safari
Tata_Safari_451.jpg,Tata_Safari
Tata_Safari_452.jpg,Tata_Safari
Tata_Safari_453.jpg,Tata_Safari
Tata_Safari_454.jpg,Tata_Safari
Tata_Safari_456.jpg,Tata_Safari
Tata_Safari_457.jpg,Tata_Safari
Tata_Safari_458.jpg,Tata_Safari
Tata_Safari_459.jpg,Tata_Safari
Tata_Safari_460.jpg,Tata_Safari
Tata_Safari_463.jpg,Tata_Safari
Tata_Safari_464.jpg,Tata_Safari
Tata_Safari_467.jpg,Tata_Safari
Tata_Safari_470.jpg,Tata_Safari
Tata_Safari_471.jpg,Tata_Safari
Tata_Safari_476.jpg,Tata_Safari
Tata_Safari_477.jpg,Tata_Safari
Tata_Safari_479.jpg,Tata_Safari
Tata_Safari_481.jpg,Tata_Safari
Tata_Safari_482.jpg,Tata_Safari
Tata_Safari_487.jpg,Tata_Safari
Tata_Safari_488.jpg,Tata_Safari
Tata_Safari_490.jpg,Tata_Safari
Tata_Safari_495.jpg,Tata_Safari
Tata_Safari_497.jpg,Tata_Safari
Tata_Safari_498.jpg,Tata_Safari
Tata_Safari_501.jpg,Tata_Safari
Tata_Safari_503.jpg,Tata_Safari
Tata_Safari_504.jpg,Tata_Safari
Tata_Safari_505.jpg,Tata_Safari
Tata_Safari_507.jpg,Tata_Safari
Tata_Safari_508.jpg,Tata_Safari
Tata_Safari_509.jpg,Tata_Safari
Tata_Safari_511.jpg,Tata_Safari
Tata_Safari_513.jpg,Tata_Safari
Tata_Safari_516.jpg,Tata_Safari
Tata_Safari_517.jpg,Tata_Safari
Tata_Safari_519.jpg,Tata_Safari
Tata_Safari_522.jpg,Tata_Safari
Tata_Safari_523.jpg,Tata_Safari
Tata_Safari_4.jpg,Tata_Safari
Tata_Safari_37.jpg,Tata_Safari
Tata_Safari_38.jpg,Tata_Safari
Tata_Safari_40.jpg,Tata_Safari
Tata_Safari_43.jpg,Tata_Safari
Tata_Safari_363.jpg,Tata_Safari
Tata_Safari_365.jpg,Tata_Safari
Tata_Safari_366.jpg,Tata_Safari
Tata_Safari_367.jpg,Tata_Safari
Tata_Safari_372.jpg,Tata_Safari
Tata_Safari_373.jpg,Tata_Safari
Tata_Safari_374.jpg,Tata_Safari
Tata_Safari_375.jpg,Tata_Safari
Tata_Safari_377.jpg,Tata_Safari
Tata_Safari_379.jpg,Tata_Safari
Tata_Safari_380.jpg,Tata_Safari
Tata_Safari_381.jpg,Tata_Safari
Tata_Safari_382.jpg,Tata_Safari
Tata_Safari_383.jpg,Tata_Safari
Tata_Safari_385.jpg,Tata_Safari
Tata_Safari_386.jpg,Tata_Safari
Tata_Safari_387.jpg,Tata_Safari
Tata_Safari_388.jpg,Tata_Safari
Tata_Safari_389.jpg,Tata_Safari
Tata_Safari_391.jpg,Tata_Safari
Tata_Safari_392.jpg,Tata_Safari
Tata_Safari_393.jpg,Tata_Safari
Tata_Safari_396.jpg,Tata_Safari
Tata_Safari_397.jpg,Tata_Safari
Tata_Safari_398.jpg,Tata_Safari
Tata_Safari_400.jpg,Tata_Safari
Tata_Safari_402.jpg,Tata_Safari
Tata_Safari_403.jpg,Tata_Safari
Tata_Safari_404.jpg,Tata_Safari
Tata_Safari_405.jpg,Tata_Safari
Tata_Safari_406.jpg,Tata_Safari
Tata_Safari_408.jpg,Tata_Safari
Tata_Safari_409.jpg,Tata_Safari
Tata_Safari_411.jpg,Tata_Safari
Tata_Safari_412.jpg,Tata_Safari
Tata_Safari_413.jpg,Tata_Safari
Tata_Safari_414.jpg,Tata_Safari
Tata_Safari_415.jpg,Tata_Safari
Tata_Safari_417.jpg,Tata_Safari
Tata_Safari_418.jpg,Tata_Safari
Tata_Safari_420.jpg,Tata_Safari
Tata_Safari_423.jpg,Tata_Safari
Tata_Safari_424.jpg,Tata_Safari
Tata_Safari_425.jpg,Tata_Safari
Tata_Safari_426.jpg,Tata_Safari
Tata_Safari_428.jpg,Tata_Safari
Tata_Safari_430.jpg,Tata_Safari
Tata_Safari_432.jpg,Tata_Safari
Tata_Safari_434.jpg,Tata_Safari
Tata_Safari_435.jpg,Tata_Safari
Tata_Safari_3.jpg,Tata_Safari
Tata_Safari_30.jpg,Tata_Safari
Tata_Safari_32.jpg,Tata_Safari
Tata_Safari_34.jpg,Tata_Safari
Tata_Safari_35.jpg,Tata_Safari
Tata_Safari_298.jpg,Tata_Safari
Tata_Safari_299.jpg,Tata_Safari
Tata_Safari_300.jpg,Tata_Safari
Tata_Safari_301.jpg,Tata_Safari
Tata_Safari_303.jpg,Tata_Safari
Tata_Safari_304.jpg,Tata_Safari
Tata_Safari_305.jpg,Tata_Safari
Tata_Safari_306.jpg,Tata_Safari
Tata_Safari_307.jpg,Tata_Safari
Tata_Safari_308.jpg,Tata_Safari
Tata_Safari_309.jpg,Tata_Safari
Tata_Safari_310.jpg,Tata_Safari
Tata_Safari_311.jpg,Tata_Safari
Tata_Safari_312.jpg,Tata_Safari
Tata_Safari_315.jpg,Tata_Safari
Tata_Safari_316.jpg,Tata_Safari
Tata_Safari_319.jpg,Tata_Safari
Tata_Safari_320.jpg,Tata_Safari
Tata_Safari_322.jpg,Tata_Safari
Tata_Safari_325.jpg,Tata_Safari
Tata_Safari_328.jpg,Tata_Safari
Tata_Safari_330.jpg,Tata_Safari
Tata_Safari_331.jpg,Tata_Safari
Tata_Safari_332.jpg,Tata_Safari
Tata_Safari_333.jpg,Tata_Safari
Tata_Safari_334.jpg,Tata_Safari
Tata_Safari_335.jpg,Tata_Safari
Tata_Safari_337.jpg,Tata_Safari
Tata_Safari_339.jpg,Tata_Safari
Tata_Safari_340.jpg,Tata_Safari
Tata_Safari_341.jpg,Tata_Safari
Tata_Safari_342.jpg,Tata_Safari
Tata_Safari_343.jpg,Tata_Safari
Tata_Safari_344.jpg,Tata_Safari
Tata_Safari_346.jpg,Tata_Safari
Tata_Safari_347.jpg,Tata_Safari
Tata_Safari_348.jpg,Tata_Safari
Tata_Safari_349.jpg,Tata_Safari
Tata_Safari_350.jpg,Tata_Safari
Tata_Safari_351.jpg,Tata_Safari
Tata_Safari_353.jpg,Tata_Safari
Tata_Safari_354.jpg,Tata_Safari
Tata_Safari_356.jpg,Tata_Safari
Tata_Safari_358.jpg,Tata_Safari
Tata_Safari_359.jpg,Tata_Safari
Tata_Safari_360.jpg,Tata_Safari
Tata_Safari_362.jpg,Tata_Safari
Tata_Safari_22.jpg,Tata_Safari
Tata_Safari_23.jpg,Tata_Safari
Tata_Safari_24.jpg,Tata_Safari
Tata_Safari_28.jpg,Tata_Safari
Tata_Safari_205.jpg,Tata_Safari
Tata_Safari_206.jpg,Tata_Safari
Tata_Safari_208.jpg,Tata_Safari
Tata_Safari_209.jpg,Tata_Safari
Tata_Safari_211.jpg,Tata_Safari
Tata_Safari_212.jpg,Tata_Safari
Tata_Safari_215.jpg,Tata_Safari
Tata_Safari_216.jpg,Tata_Safari
Tata_Safari_217.jpg,Tata_Safari
Tata_Safari_221.jpg,Tata_Safari
Tata_Safari_222.jpg,Tata_Safari
Tata_Safari_225.jpg,Tata_Safari
Tata_Safari_227.jpg,Tata_Safari
Tata_Safari_228.jpg,Tata_Safari
Tata_Safari_233.jpg,Tata_Safari
Tata_Safari_236.jpg,Tata_Safari
Tata_Safari_238.jpg,Tata_Safari
Tata_Safari_239.jpg,Tata_Safari
Tata_Safari_240.jpg,Tata_Safari
Tata_Safari_241.jpg,Tata_Safari
Tata_Safari_245.jpg,Tata_Safari
Tata_Safari_248.jpg,Tata_Safari
Tata_Safari_249.jpg,Tata_Safari
Tata_Safari_251.jpg,Tata_Safari
Tata_Safari_252.jpg,Tata_Safari
Tata_Safari_253.jpg,Tata_Safari
Tata_Safari_254.jpg,Tata_Safari
Tata_Safari_255.jpg,Tata_Safari
Tata_Safari_256.jpg,Tata_Safari
Tata_Safari_262.jpg,Tata_Safari
Tata_Safari_264.jpg,Tata_Safari
Tata_Safari_265.jpg,Tata_Safari
Tata_Safari_268.jpg,Tata_Safari
Tata_Safari_269.jpg,Tata_Safari
Tata_Safari_270.jpg,Tata_Safari
Tata_Safari_271.jpg,Tata_Safari
Tata_Safari_272.jpg,Tata_Safari
Tata_Safari_274.jpg,Tata_Safari
Tata_Safari_276.jpg,Tata_Safari
Tata_Safari_277.jpg,Tata_Safari
Tata_Safari_278.jpg,Tata_Safari
Tata_Safari_279.jpg,Tata_Safari
Tata_Safari_280.jpg,Tata_Safari
Tata_Safari_283.jpg,Tata_Safari
Tata_Safari_284.jpg,Tata_Safari
Tata_Safari_287.jpg,Tata_Safari
Tata_Safari_289.jpg,Tata_Safari
Tata_Safari_290.jpg,Tata_Safari
Tata_Safari_291.jpg,Tata_Safari
Tata_Safari_297.jpg,Tata_Safari
Tata_Safari_14.jpg,Tata_Safari
Tata_Safari_18.jpg,Tata_Safari
Tata_Safari_19.jpg,Tata_Safari
Tata_Safari_119.jpg,Tata_Safari
Tata_Safari_120.jpg,Tata_Safari
Tata_Safari_121.jpg,Tata_Safari
Tata_Safari_122.jpg,Tata_Safari
Tata_Safari_125.jpg,Tata_Safari
Tata_Safari_127.jpg,Tata_Safari
Tata_Safari_131.jpg,Tata_Safari
Tata_Safari_133.jpg,Tata_Safari
Tata_Safari_136.jpg,Tata_Safari
Tata_Safari_139.jpg,Tata_Safari
Tata_Safari_142.jpg,Tata_Safari
Tata_Safari_144.jpg,Tata_Safari
Tata_Safari_145.jpg,Tata_Safari
Tata_Safari_147.jpg,Tata_Safari
Tata_Safari_149.jpg,Tata_Safari
Tata_Safari_152.jpg,Tata_Safari
Tata_Safari_153.jpg,Tata_Safari
Tata_Safari_154.jpg,Tata_Safari
Tata_Safari_155.jpg,Tata_Safari
Tata_Safari_156.jpg,Tata_Safari
Tata_Safari_158.jpg,Tata_Safari
Tata_Safari_159.jpg,Tata_Safari
Tata_Safari_160.jpg,Tata_Safari
Tata_Safari_161.jpg,Tata_Safari
Tata_Safari_162.jpg,Tata_Safari
Tata_Safari_163.jpg,Tata_Safari
Tata_Safari_164.jpg,Tata_Safari
Tata_Safari_165.jpg,Tata_Safari
Tata_Safari_166.jpg,Tata_Safari
Tata_Safari_170.jpg,Tata_Safari
Tata_Safari_171.jpg,Tata_Safari
Tata_Safari_172.jpg,Tata_Safari
Tata_Safari_173.jpg,Tata_Safari
Tata_Safari_176.jpg,Tata_Safari
Tata_Safari_177.jpg,Tata_Safari
Tata_Safari_178.jpg,Tata_Safari
Tata_Safari_179.jpg,Tata_Safari
Tata_Safari_180.jpg,Tata_Safari
Tata_Safari_183.jpg,Tata_Safari
Tata_Safari_184.jpg,Tata_Safari
Tata_Safari_185.jpg,Tata_Safari
Tata_Safari_186.jpg,Tata_Safari
Tata_Safari_188.jpg,Tata_Safari
Tata_Safari_189.jpg,Tata_Safari
Tata_Safari_190.jpg,Tata_Safari
Tata_Safari_191.jpg,Tata_Safari
Tata_Safari_194.jpg,Tata_Safari
Tata_Safari_195.jpg,Tata_Safari
Tata_Safari_197.jpg,Tata_Safari
Tata_Safari_198.jpg,Tata_Safari
Tata_Safari_199.jpg,Tata_Safari
Tata_Safari_201.jpg,Tata_Safari
Swift_8.jpg,Swift
Swift_9.jpg,Swift
Swift_78.jpg,Swift
Swift_79.jpg,Swift
Swift_80.jpg,Swift
Swift_81.jpg,Swift
Swift_82.jpg,Swift
Swift_83.jpg,Swift
Swift_84.jpg,Swift
Swift_85.jpg,Swift
Swift_86.jpg,Swift
Swift_87.jpg,Swift
Swift_88.jpg,Swift
Swift_89.jpg,Swift
Swift_90.jpg,Swift
Swift_91.jpg,Swift
Swift_92.jpg,Swift
Swift_93.jpg,Swift
Swift_95.jpg,Swift
Swift_96.jpg,Swift
Swift_97.jpg,Swift
Swift_98.jpg,Swift
Swift_99.jpg,Swift
Swift_774.jpg,Swift
Swift_775.jpg,Swift
Swift_777.jpg,Swift
Swift_778.jpg,Swift
Swift_779.jpg,Swift
Swift_781.jpg,Swift
Swift_783.jpg,Swift
Swift_788.jpg,Swift
Swift_791.jpg,Swift
Swift_793.jpg,Swift
Swift_794.jpg,Swift
Swift_797.jpg,Swift
Swift_799.jpg,Swift
Swift_800.jpg,Swift
Tata_Safari_1.jpg,Tata_Safari
Tata_Safari_10.jpg,Tata_Safari
Tata_Safari_11.jpg,Tata_Safari
Tata_Safari_101.jpg,Tata_Safari
Tata_Safari_102.jpg,Tata_Safari
Tata_Safari_104.jpg,Tata_Safari
Tata_Safari_105.jpg,Tata_Safari
Tata_Safari_107.jpg,Tata_Safari
Tata_Safari_108.jpg,Tata_Safari
Tata_Safari_110.jpg,Tata_Safari
Tata_Safari_111.jpg,Tata_Safari
Tata_Safari_112.jpg,Tata_Safari
Tata_Safari_113.jpg,Tata_Safari
Tata_Safari_114.jpg,Tata_Safari
Tata_Safari_115.jpg,Tata_Safari
Tata_Safari_117.jpg,Tata_Safari
Tata_Safari_118.jpg,Tata_Safari
Swift_7.jpg,Swift
Swift_69.jpg,Swift
Swift_74.jpg,Swift
Swift_76.jpg,Swift
Swift_77.jpg,Swift
Swift_688.jpg,Swift
Swift_689.jpg,Swift
Swift_692.jpg,Swift
Swift_693.jpg,Swift
Swift_696.jpg,Swift
Swift_699.jpg,Swift
Swift_702.jpg,Swift
Swift_703.jpg,Swift
Swift_704.jpg,Swift
Swift_707.jpg,Swift
Swift_708.jpg,Swift
Swift_709.jpg,Swift
Swift_710.jpg,Swift
Swift_712.jpg,Swift
Swift_714.jpg,Swift
Swift_715.jpg,Swift
Swift_716.jpg,Swift
Swift_718.jpg,Swift
Swift_720.jpg,Swift
Swift_725.jpg,Swift
Swift_727.jpg,Swift
Swift_728.jpg,Swift
Swift_729.jpg,Swift
Swift_730.jpg,Swift
Swift_734.jpg,Swift
Swift_735.jpg,Swift
Swift_736.jpg,Swift
Swift_737.jpg,Swift
Swift_739.jpg,Swift
Swift_740.jpg,Swift
Swift_745.jpg,Swift
Swift_747.jpg,Swift
Swift_748.jpg,Swift
Swift_749.jpg,Swift
Swift_751.jpg,Swift
Swift_752.jpg,Swift
Swift_753.jpg,Swift
Swift_755.jpg,Swift
Swift_758.jpg,Swift
Swift_760.jpg,Swift
Swift_761.jpg,Swift
Swift_762.jpg,Swift
Swift_763.jpg,Swift
Swift_768.jpg,Swift
Swift_769.jpg,Swift
Swift_770.jpg,Swift
Swift_771.jpg,Swift
Swift_62.jpg,Swift
Swift_64.jpg,Swift
Swift_66.jpg,Swift
Swift_67.jpg,Swift
Swift_68.jpg,Swift
Swift_607.jpg,Swift
Swift_612.jpg,Swift
Swift_613.jpg,Swift
Swift_615.jpg,Swift
Swift_616.jpg,Swift
Swift_619.jpg,Swift
Swift_620.jpg,Swift
Swift_621.jpg,Swift
Swift_623.jpg,Swift
Swift_624.jpg,Swift
Swift_628.jpg,Swift
Swift_629.jpg,Swift
Swift_632.jpg,Swift
Swift_633.jpg,Swift
Swift_637.jpg,Swift
Swift_638.jpg,Swift
Swift_639.jpg,Swift
Swift_640.jpg,Swift
Swift_641.jpg,Swift
Swift_642.jpg,Swift
Swift_643.jpg,Swift
Swift_644.jpg,Swift
Swift_645.jpg,Swift
Swift_646.jpg,Swift
Swift_647.jpg,Swift
Swift_649.jpg,Swift
Swift_650.jpg,Swift
Swift_651.jpg,Swift
Swift_652.jpg,Swift
Swift_653.jpg,Swift
Swift_655.jpg,Swift
Swift_656.jpg,Swift
Swift_657.jpg,Swift
Swift_658.jpg,Swift
Swift_659.jpg,Swift
Swift_660.jpg,Swift
Swift_662.jpg,Swift
Swift_663.jpg,Swift
Swift_665.jpg,Swift
Swift_667.jpg,Swift
Swift_668.jpg,Swift
Swift_671.jpg,Swift
Swift_672.jpg,Swift
Swift_673.jpg,Swift
Swift_678.jpg,Swift
Swift_681.jpg,Swift
Swift_682.jpg,Swift
Swift_686.jpg,Swift
Swift_687.jpg,Swift
Swift_53.jpg,Swift
Swift_54.jpg,Swift
Swift_55.jpg,Swift
Swift_56.jpg,Swift
Swift_57.jpg,Swift
Swift_58.jpg,Swift
Swift_59.jpg,Swift
Swift_530.jpg,Swift
Swift_531.jpg,Swift
Swift_532.jpg,Swift
Swift_533.jpg,Swift
Swift_534.jpg,Swift
Swift_535.jpg,Swift
Swift_537.jpg,Swift
Swift_539.jpg,Swift
Swift_540.jpg,Swift
Swift_541.jpg,Swift
Swift_542.jpg,Swift
Swift_545.jpg,Swift
Swift_546.jpg,Swift
Swift_548.jpg,Swift
Swift_550.jpg,Swift
Swift_551.jpg,Swift
Swift_554.jpg,Swift
Swift_557.jpg,Swift
Swift_559.jpg,Swift
Swift_560.jpg,Swift
Swift_561.jpg,Swift
Swift_563.jpg,Swift
Swift_564.jpg,Swift
Swift_566.jpg,Swift
Swift_567.jpg,Swift
Swift_569.jpg,Swift
Swift_570.jpg,Swift
Swift_574.jpg,Swift
Swift_576.jpg,Swift
Swift_577.jpg,Swift
Swift_581.jpg,Swift
Swift_582.jpg,Swift
Swift_583.jpg,Swift
Swift_584.jpg,Swift
Swift_585.jpg,Swift
Swift_586.jpg,Swift
Swift_588.jpg,Swift
Swift_591.jpg,Swift
Swift_593.jpg,Swift
Swift_595.jpg,Swift
Swift_596.jpg,Swift
Swift_597.jpg,Swift
Swift_598.jpg,Swift
Swift_599.jpg,Swift
Swift_600.jpg,Swift
Swift_602.jpg,Swift
Swift_603.jpg,Swift
Swift_604.jpg,Swift
Swift_605.jpg,Swift
Swift_5.jpg,Swift
Swift_40.jpg,Swift
Swift_44.jpg,Swift
Swift_46.jpg,Swift
Swift_47.jpg,Swift
Swift_50.jpg,Swift
Swift_51.jpg,Swift
Swift_390.jpg,Swift
Swift_392.jpg,Swift
Swift_394.jpg,Swift
Swift_395.jpg,Swift
Swift_397.jpg,Swift
Swift_398.jpg,Swift
Swift_399.jpg,Swift
Swift_400.jpg,Swift
Swift_481.jpg,Swift
Swift_482.jpg,Swift
Swift_483.jpg,Swift
Swift_484.jpg,Swift
Swift_485.jpg,Swift
Swift_486.jpg,Swift
Swift_487.jpg,Swift
Swift_489.jpg,Swift
Swift_490.jpg,Swift
Swift_492.jpg,Swift
Swift_493.jpg,Swift
Swift_494.jpg,Swift
Swift_495.jpg,Swift
Swift_496.jpg,Swift
Swift_497.jpg,Swift
Swift_499.jpg,Swift
Swift_500.jpg,Swift
Swift_501.jpg,Swift
Swift_502.jpg,Swift
Swift_503.jpg,Swift
Swift_504.jpg,Swift
Swift_505.jpg,Swift
Swift_506.jpg,Swift
Swift_507.jpg,Swift
Swift_508.jpg,Swift
Swift_510.jpg,Swift
Swift_511.jpg,Swift
Swift_512.jpg,Swift
Swift_515.jpg,Swift
Swift_517.jpg,Swift
Swift_519.jpg,Swift
Swift_520.jpg,Swift
Swift_521.jpg,Swift
Swift_522.jpg,Swift
Swift_525.jpg,Swift
Swift_528.jpg,Swift
Swift_529.jpg,Swift
Swift_33.jpg,Swift
Swift_34.jpg,Swift
Swift_35.jpg,Swift
Swift_36.jpg,Swift
Swift_37.jpg,Swift
Swift_38.jpg,Swift
Swift_39.jpg,Swift
Swift_323.jpg,Swift
Swift_324.jpg,Swift
Swift_325.jpg,Swift
Swift_326.jpg,Swift
Swift_327.jpg,Swift
Swift_328.jpg,Swift
Swift_329.jpg,Swift
Swift_330.jpg,Swift
Swift_331.jpg,Swift
Swift_332.jpg,Swift
Swift_333.jpg,Swift
Swift_334.jpg,Swift
Swift_336.jpg,Swift
Swift_337.jpg,Swift
Swift_338.jpg,Swift
Swift_339.jpg,Swift
Swift_341.jpg,Swift
Swift_343.jpg,Swift
Swift_347.jpg,Swift
Swift_348.jpg,Swift
Swift_349.jpg,Swift
Swift_352.jpg,Swift
Swift_354.jpg,Swift
Swift_357.jpg,Swift
Swift_358.jpg,Swift
Swift_360.jpg,Swift
Swift_361.jpg,Swift
Swift_364.jpg,Swift
Swift_366.jpg,Swift
Swift_367.jpg,Swift
Swift_368.jpg,Swift
Swift_369.jpg,Swift
Swift_370.jpg,Swift
Swift_371.jpg,Swift
Swift_373.jpg,Swift
Swift_374.jpg,Swift
Swift_375.jpg,Swift
Swift_376.jpg,Swift
Swift_377.jpg,Swift
Swift_378.jpg,Swift
Swift_379.jpg,Swift
Swift_380.jpg,Swift
Swift_381.jpg,Swift
Swift_382.jpg,Swift
Swift_383.jpg,Swift
Swift_385.jpg,Swift
Swift_386.jpg,Swift
Swift_387.jpg,Swift
Swift_389.jpg,Swift
Swift_3.jpg,Swift
Swift_27.jpg,Swift
Swift_28.jpg,Swift
Swift_30.jpg,Swift
Swift_31.jpg,Swift
Swift_244.jpg,Swift
Swift_246.jpg,Swift
Swift_247.jpg,Swift
Swift_249.jpg,Swift
Swift_250.jpg,Swift
Swift_252.jpg,Swift
Swift_255.jpg,Swift
Swift_256.jpg,Swift
Swift_258.jpg,Swift
Swift_260.jpg,Swift
Swift_261.jpg,Swift
Swift_262.jpg,Swift
Swift_263.jpg,Swift
Swift_264.jpg,Swift
Swift_266.jpg,Swift
Swift_267.jpg,Swift
Swift_269.jpg,Swift
Swift_270.jpg,Swift
Swift_273.jpg,Swift
Swift_274.jpg,Swift
Swift_276.jpg,Swift
Swift_278.jpg,Swift
Swift_280.jpg,Swift
Swift_282.jpg,Swift
Swift_284.jpg,Swift
Swift_286.jpg,Swift
Swift_288.jpg,Swift
Swift_289.jpg,Swift
Swift_290.jpg,Swift
Swift_291.jpg,Swift
Swift_292.jpg,Swift
Swift_293.jpg,Swift
Swift_294.jpg,Swift
Swift_296.jpg,Swift
Swift_297.jpg,Swift
Swift_298.jpg,Swift
Swift_299.jpg,Swift
Swift_300.jpg,Swift
Swift_301.jpg,Swift
Swift_302.jpg,Swift
Swift_306.jpg,Swift
Swift_308.jpg,Swift
Swift_309.jpg,Swift
Swift_311.jpg,Swift
Swift_312.jpg,Swift
Swift_313.jpg,Swift
Swift_315.jpg,Swift
Swift_316.jpg,Swift
Swift_318.jpg,Swift
Swift_320.jpg,Swift
Swift_321.jpg,Swift
Swift_2.jpg,Swift
Swift_11.jpg,Swift
Swift_13.jpg,Swift
Swift_14.jpg,Swift
Swift_15.jpg,Swift
Swift_16.jpg,Swift
Swift_17.jpg,Swift
Swift_18.jpg,Swift
Swift_19.jpg,Swift
Swift_20.jpg,Swift
Swift_21.jpg,Swift
Swift_22.jpg,Swift
Swift_23.jpg,Swift
Swift_24.jpg,Swift
Swift_103.jpg,Swift
Swift_104.jpg,Swift
Swift_105.jpg,Swift
Swift_106.jpg,Swift
Swift_107.jpg,Swift
Swift_108.jpg,Swift
Swift_109.jpg,Swift
Swift_110.jpg,Swift
Swift_111.jpg,Swift
Swift_112.jpg,Swift
Swift_113.jpg,Swift
Swift_114.jpg,Swift
Swift_116.jpg,Swift
Swift_117.jpg,Swift
Swift_118.jpg,Swift
Swift_119.jpg,Swift
Swift_121.jpg,Swift
Swift_123.jpg,Swift
Swift_125.jpg,Swift
Swift_127.jpg,Swift
Swift_131.jpg,Swift
Swift_132.jpg,Swift
Swift_135.jpg,Swift
Swift_136.jpg,Swift
Swift_137.jpg,Swift
Swift_139.jpg,Swift
Swift_140.jpg,Swift
Swift_141.jpg,Swift
Swift_142.jpg,Swift
Swift_143.jpg,Swift
Swift_145.jpg,Swift
Swift_147.jpg,Swift
Swift_150.jpg,Swift
Swift_151.jpg,Swift
Swift_152.jpg,Swift
Swift_153.jpg,Swift
Swift_154.jpg,Swift
Swift_156.jpg,Swift
Swift_158.jpg,Swift
Swift_159.jpg,Swift
Swift_241.jpg,Swift
Swift_242.jpg,Swift
Swift_243.jpg,Swift
Rolls_Royce_4.jpg,Rolls_Royce
Rolls_Royce_5.jpg,Rolls_Royce
Rolls_Royce_7.jpg,Rolls_Royce
Rolls_Royce_8.jpg,Rolls_Royce
Rolls_Royce_40.jpg,Rolls_Royce
Rolls_Royce_42.jpg,Rolls_Royce
Rolls_Royce_43.jpg,Rolls_Royce
Rolls_Royce_44.jpg,Rolls_Royce
Rolls_Royce_45.jpg,Rolls_Royce
Rolls_Royce_47.jpg,Rolls_Royce
Rolls_Royce_49.jpg,Rolls_Royce
Rolls_Royce_50.jpg,Rolls_Royce
Rolls_Royce_51.jpg,Rolls_Royce
Rolls_Royce_52.jpg,Rolls_Royce
Rolls_Royce_53.jpg,Rolls_Royce
Rolls_Royce_54.jpg,Rolls_Royce
Rolls_Royce_55.jpg,Rolls_Royce
Rolls_Royce_56.jpg,Rolls_Royce
Rolls_Royce_58.jpg,Rolls_Royce
Rolls_Royce_60.jpg,Rolls_Royce
Rolls_Royce_61.jpg,Rolls_Royce
Rolls_Royce_62.jpg,Rolls_Royce
Rolls_Royce_63.jpg,Rolls_Royce
Rolls_Royce_65.jpg,Rolls_Royce
Rolls_Royce_66.jpg,Rolls_Royce
Rolls_Royce_67.jpg,Rolls_Royce
Rolls_Royce_68.jpg,Rolls_Royce
Rolls_Royce_70.jpg,Rolls_Royce
Rolls_Royce_72.jpg,Rolls_Royce
Rolls_Royce_73.jpg,Rolls_Royce
Rolls_Royce_74.jpg,Rolls_Royce
Rolls_Royce_75.jpg,Rolls_Royce
Rolls_Royce_76.jpg,Rolls_Royce
Rolls_Royce_77.jpg,Rolls_Royce
Rolls_Royce_78.jpg,Rolls_Royce
Rolls_Royce_79.jpg,Rolls_Royce
Rolls_Royce_81.jpg,Rolls_Royce
Rolls_Royce_83.jpg,Rolls_Royce
Rolls_Royce_84.jpg,Rolls_Royce
Rolls_Royce_86.jpg,Rolls_Royce
Rolls_Royce_87.jpg,Rolls_Royce
Rolls_Royce_89.jpg,Rolls_Royce
Rolls_Royce_92.jpg,Rolls_Royce
Rolls_Royce_93.jpg,Rolls_Royce
Rolls_Royce_94.jpg,Rolls_Royce
Rolls_Royce_95.jpg,Rolls_Royce
Rolls_Royce_97.jpg,Rolls_Royce
Rolls_Royce_98.jpg,Rolls_Royce
Rolls_Royce_99.jpg,Rolls_Royce
Rolls_Royce_399.jpg,Rolls_Royce
Rolls_Royce_400.jpg,Rolls_Royce
Swift_1.jpg,Swift
Swift_10.jpg,Swift
Swift_100.jpg,Swift
Swift_102.jpg,Swift
Rolls_Royce_35.jpg,Rolls_Royce
Rolls_Royce_36.jpg,Rolls_Royce
Rolls_Royce_37.jpg,Rolls_Royce
Rolls_Royce_39.jpg,Rolls_Royce
Rolls_Royce_336.jpg,Rolls_Royce
Rolls_Royce_337.jpg,Rolls_Royce
Rolls_Royce_338.jpg,Rolls_Royce
Rolls_Royce_339.jpg,Rolls_Royce
Rolls_Royce_340.jpg,Rolls_Royce
Rolls_Royce_341.jpg,Rolls_Royce
Rolls_Royce_342.jpg,Rolls_Royce
Rolls_Royce_343.jpg,Rolls_Royce
Rolls_Royce_344.jpg,Rolls_Royce
Rolls_Royce_345.jpg,Rolls_Royce
Rolls_Royce_346.jpg,Rolls_Royce
Rolls_Royce_347.jpg,Rolls_Royce
Rolls_Royce_348.jpg,Rolls_Royce
Rolls_Royce_349.jpg,Rolls_Royce
Rolls_Royce_350.jpg,Rolls_Royce
Rolls_Royce_351.jpg,Rolls_Royce
Rolls_Royce_352.jpg,Rolls_Royce
Rolls_Royce_353.jpg,Rolls_Royce
Rolls_Royce_355.jpg,Rolls_Royce
Rolls_Royce_356.jpg,Rolls_Royce
Rolls_Royce_357.jpg,Rolls_Royce
Rolls_Royce_358.jpg,Rolls_Royce
Rolls_Royce_360.jpg,Rolls_Royce
Rolls_Royce_362.jpg,Rolls_Royce
Rolls_Royce_363.jpg,Rolls_Royce
Rolls_Royce_364.jpg,Rolls_Royce
Rolls_Royce_365.jpg,Rolls_Royce
Rolls_Royce_367.jpg,Rolls_Royce
Rolls_Royce_368.jpg,Rolls_Royce
Rolls_Royce_369.jpg,Rolls_Royce
Rolls_Royce_370.jpg,Rolls_Royce
Rolls_Royce_371.jpg,Rolls_Royce
Rolls_Royce_372.jpg,Rolls_Royce
Rolls_Royce_374.jpg,Rolls_Royce
Rolls_Royce_375.jpg,Rolls_Royce
Rolls_Royce_376.jpg,Rolls_Royce
Rolls_Royce_377.jpg,Rolls_Royce
Rolls_Royce_378.jpg,Rolls_Royce
Rolls_Royce_380.jpg,Rolls_Royce
Rolls_Royce_381.jpg,Rolls_Royce
Rolls_Royce_382.jpg,Rolls_Royce
Rolls_Royce_383.jpg,Rolls_Royce
Rolls_Royce_384.jpg,Rolls_Royce
Rolls_Royce_387.jpg,Rolls_Royce
Rolls_Royce_388.jpg,Rolls_Royce
Rolls_Royce_389.jpg,Rolls_Royce
Rolls_Royce_390.jpg,Rolls_Royce
Rolls_Royce_391.jpg,Rolls_Royce
Rolls_Royce_393.jpg,Rolls_Royce
Rolls_Royce_394.jpg,Rolls_Royce
Rolls_Royce_395.jpg,Rolls_Royce
Rolls_Royce_396.jpg,Rolls_Royce
Rolls_Royce_398.jpg,Rolls_Royce
Rolls_Royce_3.jpg,Rolls_Royce
Rolls_Royce_29.jpg,Rolls_Royce
Rolls_Royce_31.jpg,Rolls_Royce
Rolls_Royce_32.jpg,Rolls_Royce
Rolls_Royce_33.jpg,Rolls_Royce
Rolls_Royce_283.jpg,Rolls_Royce
Rolls_Royce_284.jpg,Rolls_Royce
Rolls_Royce_285.jpg,Rolls_Royce
Rolls_Royce_286.jpg,Rolls_Royce
Rolls_Royce_287.jpg,Rolls_Royce
Rolls_Royce_288.jpg,Rolls_Royce
Rolls_Royce_289.jpg,Rolls_Royce
Rolls_Royce_290.jpg,Rolls_Royce
Rolls_Royce_291.jpg,Rolls_Royce
Rolls_Royce_292.jpg,Rolls_Royce
Rolls_Royce_293.jpg,Rolls_Royce
Rolls_Royce_294.jpg,Rolls_Royce
Rolls_Royce_295.jpg,Rolls_Royce
Rolls_Royce_296.jpg,Rolls_Royce
Rolls_Royce_297.jpg,Rolls_Royce
Rolls_Royce_298.jpg,Rolls_Royce
Rolls_Royce_299.jpg,Rolls_Royce
Rolls_Royce_300.jpg,Rolls_Royce
Rolls_Royce_302.jpg,Rolls_Royce
Rolls_Royce_303.jpg,Rolls_Royce
Rolls_Royce_304.jpg,Rolls_Royce
Rolls_Royce_305.jpg,Rolls_Royce
Rolls_Royce_306.jpg,Rolls_Royce
Rolls_Royce_307.jpg,Rolls_Royce
Rolls_Royce_308.jpg,Rolls_Royce
Rolls_Royce_309.jpg,Rolls_Royce
Rolls_Royce_310.jpg,Rolls_Royce
Rolls_Royce_311.jpg,Rolls_Royce
Rolls_Royce_312.jpg,Rolls_Royce
Rolls_Royce_314.jpg,Rolls_Royce
Rolls_Royce_315.jpg,Rolls_Royce
Rolls_Royce_317.jpg,Rolls_Royce
Rolls_Royce_318.jpg,Rolls_Royce
Rolls_Royce_320.jpg,Rolls_Royce
Rolls_Royce_321.jpg,Rolls_Royce
Rolls_Royce_322.jpg,Rolls_Royce
Rolls_Royce_323.jpg,Rolls_Royce
Rolls_Royce_324.jpg,Rolls_Royce
Rolls_Royce_325.jpg,Rolls_Royce
Rolls_Royce_326.jpg,Rolls_Royce
Rolls_Royce_327.jpg,Rolls_Royce
Rolls_Royce_328.jpg,Rolls_Royce
Rolls_Royce_329.jpg,Rolls_Royce
Rolls_Royce_330.jpg,Rolls_Royce
Rolls_Royce_331.jpg,Rolls_Royce
Rolls_Royce_332.jpg,Rolls_Royce
Rolls_Royce_333.jpg,Rolls_Royce
Rolls_Royce_334.jpg,Rolls_Royce
Rolls_Royce_335.jpg,Rolls_Royce
Rolls_Royce_22.jpg,Rolls_Royce
Rolls_Royce_23.jpg,Rolls_Royce
Rolls_Royce_24.jpg,Rolls_Royce
Rolls_Royce_25.jpg,Rolls_Royce
Rolls_Royce_26.jpg,Rolls_Royce
Rolls_Royce_28.jpg,Rolls_Royce
Rolls_Royce_215.jpg,Rolls_Royce
Rolls_Royce_216.jpg,Rolls_Royce
Rolls_Royce_217.jpg,Rolls_Royce
Rolls_Royce_219.jpg,Rolls_Royce
Rolls_Royce_220.jpg,Rolls_Royce
Rolls_Royce_221.jpg,Rolls_Royce
Rolls_Royce_222.jpg,Rolls_Royce
Rolls_Royce_223.jpg,Rolls_Royce
Rolls_Royce_224.jpg,Rolls_Royce
Rolls_Royce_225.jpg,Rolls_Royce
Rolls_Royce_226.jpg,Rolls_Royce
Rolls_Royce_229.jpg,Rolls_Royce
Rolls_Royce_230.jpg,Rolls_Royce
Rolls_Royce_232.jpg,Rolls_Royce
Rolls_Royce_234.jpg,Rolls_Royce
Rolls_Royce_235.jpg,Rolls_Royce
Rolls_Royce_236.jpg,Rolls_Royce
Rolls_Royce_237.jpg,Rolls_Royce
Rolls_Royce_238.jpg,Rolls_Royce
Rolls_Royce_241.jpg,Rolls_Royce
Rolls_Royce_242.jpg,Rolls_Royce
Rolls_Royce_243.jpg,Rolls_Royce
Rolls_Royce_244.jpg,Rolls_Royce
Rolls_Royce_245.jpg,Rolls_Royce
Rolls_Royce_246.jpg,Rolls_Royce
Rolls_Royce_247.jpg,Rolls_Royce
Rolls_Royce_248.jpg,Rolls_Royce
Rolls_Royce_249.jpg,Rolls_Royce
Rolls_Royce_250.jpg,Rolls_Royce
Rolls_Royce_251.jpg,Rolls_Royce
Rolls_Royce_252.jpg,Rolls_Royce
Rolls_Royce_253.jpg,Rolls_Royce
Rolls_Royce_254.jpg,Rolls_Royce
Rolls_Royce_255.jpg,Rolls_Royce
Rolls_Royce_256.jpg,Rolls_Royce
Rolls_Royce_257.jpg,Rolls_Royce
Rolls_Royce_258.jpg,Rolls_Royce
Rolls_Royce_259.jpg,Rolls_Royce
Rolls_Royce_261.jpg,Rolls_Royce
Rolls_Royce_263.jpg,Rolls_Royce
Rolls_Royce_265.jpg,Rolls_Royce
Rolls_Royce_266.jpg,Rolls_Royce
Rolls_Royce_267.jpg,Rolls_Royce
Rolls_Royce_269.jpg,Rolls_Royce
Rolls_Royce_270.jpg,Rolls_Royce
Rolls_Royce_272.jpg,Rolls_Royce
Rolls_Royce_275.jpg,Rolls_Royce
Rolls_Royce_277.jpg,Rolls_Royce
Rolls_Royce_279.jpg,Rolls_Royce
Rolls_Royce_280.jpg,Rolls_Royce
Rolls_Royce_15.jpg,Rolls_Royce
Rolls_Royce_16.jpg,Rolls_Royce
Rolls_Royce_17.jpg,Rolls_Royce
Rolls_Royce_18.jpg,Rolls_Royce
Rolls_Royce_19.jpg,Rolls_Royce
Rolls_Royce_21.jpg,Rolls_Royce
Rolls_Royce_150.jpg,Rolls_Royce
Rolls_Royce_151.jpg,Rolls_Royce
Rolls_Royce_152.jpg,Rolls_Royce
Rolls_Royce_154.jpg,Rolls_Royce
Rolls_Royce_155.jpg,Rolls_Royce
Rolls_Royce_156.jpg,Rolls_Royce
Rolls_Royce_157.jpg,Rolls_Royce
Rolls_Royce_158.jpg,Rolls_Royce
Rolls_Royce_160.jpg,Rolls_Royce
Rolls_Royce_161.jpg,Rolls_Royce
Rolls_Royce_162.jpg,Rolls_Royce
Rolls_Royce_163.jpg,Rolls_Royce
Rolls_Royce_164.jpg,Rolls_Royce
Rolls_Royce_165.jpg,Rolls_Royce
Rolls_Royce_167.jpg,Rolls_Royce
Rolls_Royce_168.jpg,Rolls_Royce
Rolls_Royce_169.jpg,Rolls_Royce
Rolls_Royce_170.jpg,Rolls_Royce
Rolls_Royce_171.jpg,Rolls_Royce
Rolls_Royce_173.jpg,Rolls_Royce
Rolls_Royce_175.jpg,Rolls_Royce
Rolls_Royce_177.jpg,Rolls_Royce
Rolls_Royce_179.jpg,Rolls_Royce
Rolls_Royce_180.jpg,Rolls_Royce
Rolls_Royce_181.jpg,Rolls_Royce
Rolls_Royce_182.jpg,Rolls_Royce
Rolls_Royce_183.jpg,Rolls_Royce
Rolls_Royce_184.jpg,Rolls_Royce
Rolls_Royce_185.jpg,Rolls_Royce
Rolls_Royce_186.jpg,Rolls_Royce
Rolls_Royce_187.jpg,Rolls_Royce
Rolls_Royce_188.jpg,Rolls_Royce
Rolls_Royce_189.jpg,Rolls_Royce
Rolls_Royce_190.jpg,Rolls_Royce
Rolls_Royce_192.jpg,Rolls_Royce
Rolls_Royce_193.jpg,Rolls_Royce
Rolls_Royce_195.jpg,Rolls_Royce
Rolls_Royce_196.jpg,Rolls_Royce
Rolls_Royce_197.jpg,Rolls_Royce
Rolls_Royce_198.jpg,Rolls_Royce
Rolls_Royce_199.jpg,Rolls_Royce
Rolls_Royce_200.jpg,Rolls_Royce
Rolls_Royce_201.jpg,Rolls_Royce
Rolls_Royce_205.jpg,Rolls_Royce
Rolls_Royce_208.jpg,Rolls_Royce
Rolls_Royce_210.jpg,Rolls_Royce
Rolls_Royce_213.jpg,Rolls_Royce
Rolls_Royce_214.jpg,Rolls_Royce
Mahindra_Scorpio_8.jpg,Mahindra_Scorpio
Mahindra_Scorpio_9.jpg,Mahindra_Scorpio
Mahindra_Scorpio_81.jpg,Mahindra_Scorpio
Mahindra_Scorpio_84.jpg,Mahindra_Scorpio
Mahindra_Scorpio_86.jpg,Mahindra_Scorpio
Mahindra_Scorpio_87.jpg,Mahindra_Scorpio
Mahindra_Scorpio_91.jpg,Mahindra_Scorpio
Mahindra_Scorpio_92.jpg,Mahindra_Scorpio
Mahindra_Scorpio_93.jpg,Mahindra_Scorpio
Mahindra_Scorpio_94.jpg,Mahindra_Scorpio
Mahindra_Scorpio_95.jpg,Mahindra_Scorpio
Mahindra_Scorpio_97.jpg,Mahindra_Scorpio
Mahindra_Scorpio_98.jpg,Mahindra_Scorpio
Mahindra_Scorpio_99.jpg,Mahindra_Scorpio
Rolls_Royce_1.jpg,Rolls_Royce
Rolls_Royce_10.jpg,Rolls_Royce
Rolls_Royce_12.jpg,Rolls_Royce
Rolls_Royce_13.jpg,Rolls_Royce
Rolls_Royce_14.jpg,Rolls_Royce
Rolls_Royce_100.jpg,Rolls_Royce
Rolls_Royce_102.jpg,Rolls_Royce
Rolls_Royce_103.jpg,Rolls_Royce
Rolls_Royce_104.jpg,Rolls_Royce
Rolls_Royce_105.jpg,Rolls_Royce
Rolls_Royce_106.jpg,Rolls_Royce
Rolls_Royce_107.jpg,Rolls_Royce
Rolls_Royce_108.jpg,Rolls_Royce
Rolls_Royce_109.jpg,Rolls_Royce
Rolls_Royce_113.jpg,Rolls_Royce
Rolls_Royce_116.jpg,Rolls_Royce
Rolls_Royce_117.jpg,Rolls_Royce
Rolls_Royce_118.jpg,Rolls_Royce
Rolls_Royce_120.jpg,Rolls_Royce
Rolls_Royce_123.jpg,Rolls_Royce
Rolls_Royce_124.jpg,Rolls_Royce
Rolls_Royce_125.jpg,Rolls_Royce
Rolls_Royce_126.jpg,Rolls_Royce
Rolls_Royce_127.jpg,Rolls_Royce
Rolls_Royce_128.jpg,Rolls_Royce
Rolls_Royce_129.jpg,Rolls_Royce
Rolls_Royce_130.jpg,Rolls_Royce
Rolls_Royce_131.jpg,Rolls_Royce
Rolls_Royce_132.jpg,Rolls_Royce
Rolls_Royce_134.jpg,Rolls_Royce
Rolls_Royce_135.jpg,Rolls_Royce
Rolls_Royce_136.jpg,Rolls_Royce
Rolls_Royce_137.jpg,Rolls_Royce
Rolls_Royce_139.jpg,Rolls_Royce
Rolls_Royce_140.jpg,Rolls_Royce
Rolls_Royce_142.jpg,Rolls_Royce
Rolls_Royce_143.jpg,Rolls_Royce
Rolls_Royce_145.jpg,Rolls_Royce
Rolls_Royce_147.jpg,Rolls_Royce
Mahindra_Scorpio_7.jpg,Mahindra_Scorpio
Mahindra_Scorpio_44.jpg,Mahindra_Scorpio
Mahindra_Scorpio_46.jpg,Mahindra_Scorpio
Mahindra_Scorpio_48.jpg,Mahindra_Scorpio
Mahindra_Scorpio_49.jpg,Mahindra_Scorpio
Mahindra_Scorpio_50.jpg,Mahindra_Scorpio
Mahindra_Scorpio_53.jpg,Mahindra_Scorpio
Mahindra_Scorpio_54.jpg,Mahindra_Scorpio
Mahindra_Scorpio_58.jpg,Mahindra_Scorpio
Mahindra_Scorpio_66.jpg,Mahindra_Scorpio
Mahindra_Scorpio_67.jpg,Mahindra_Scorpio
Mahindra_Scorpio_68.jpg,Mahindra_Scorpio
Mahindra_Scorpio_69.jpg,Mahindra_Scorpio
Mahindra_Scorpio_71.jpg,Mahindra_Scorpio
Mahindra_Scorpio_73.jpg,Mahindra_Scorpio
Mahindra_Scorpio_75.jpg,Mahindra_Scorpio
Mahindra_Scorpio_77.jpg,Mahindra_Scorpio
Mahindra_Scorpio_78.jpg,Mahindra_Scorpio
Mahindra_Scorpio_79.jpg,Mahindra_Scorpio
Mahindra_Scorpio_429.jpg,Mahindra_Scorpio
Mahindra_Scorpio_430.jpg,Mahindra_Scorpio
Mahindra_Scorpio_431.jpg,Mahindra_Scorpio
Mahindra_Scorpio_435.jpg,Mahindra_Scorpio
Mahindra_Scorpio_436.jpg,Mahindra_Scorpio
Mahindra_Scorpio_438.jpg,Mahindra_Scorpio
Mahindra_Scorpio_439.jpg,Mahindra_Scorpio
Mahindra_Scorpio_440.jpg,Mahindra_Scorpio
Mahindra_Scorpio_443.jpg,Mahindra_Scorpio
Mahindra_Scorpio_444.jpg,Mahindra_Scorpio
Mahindra_Scorpio_445.jpg,Mahindra_Scorpio
Mahindra_Scorpio_446.jpg,Mahindra_Scorpio
Mahindra_Scorpio_448.jpg,Mahindra_Scorpio
Mahindra_Scorpio_449.jpg,Mahindra_Scorpio
Mahindra_Scorpio_450.jpg,Mahindra_Scorpio
Mahindra_Scorpio_451.jpg,Mahindra_Scorpio
Mahindra_Scorpio_452.jpg,Mahindra_Scorpio
Mahindra_Scorpio_454.jpg,Mahindra_Scorpio
Mahindra_Scorpio_455.jpg,Mahindra_Scorpio
Mahindra_Scorpio_456.jpg,Mahindra_Scorpio
Mahindra_Scorpio_457.jpg,Mahindra_Scorpio
Mahindra_Scorpio_459.jpg,Mahindra_Scorpio
Mahindra_Scorpio_460.jpg,Mahindra_Scorpio
Mahindra_Scorpio_461.jpg,Mahindra_Scorpio
Mahindra_Scorpio_464.jpg,Mahindra_Scorpio
Mahindra_Scorpio_467.jpg,Mahindra_Scorpio
Mahindra_Scorpio_468.jpg,Mahindra_Scorpio
Mahindra_Scorpio_469.jpg,Mahindra_Scorpio
Mahindra_Scorpio_470.jpg,Mahindra_Scorpio
Mahindra_Scorpio_471.jpg,Mahindra_Scorpio
Mahindra_Scorpio_472.jpg,Mahindra_Scorpio
Mahindra_Scorpio_473.jpg,Mahindra_Scorpio
Mahindra_Scorpio_475.jpg,Mahindra_Scorpio
Mahindra_Scorpio_478.jpg,Mahindra_Scorpio
Mahindra_Scorpio_480.jpg,Mahindra_Scorpio
Mahindra_Scorpio_4.jpg,Mahindra_Scorpio
Mahindra_Scorpio_37.jpg,Mahindra_Scorpio
Mahindra_Scorpio_42.jpg,Mahindra_Scorpio
Mahindra_Scorpio_359.jpg,Mahindra_Scorpio
Mahindra_Scorpio_360.jpg,Mahindra_Scorpio
Mahindra_Scorpio_361.jpg,Mahindra_Scorpio
Mahindra_Scorpio_362.jpg,Mahindra_Scorpio
Mahindra_Scorpio_363.jpg,Mahindra_Scorpio
Mahindra_Scorpio_364.jpg,Mahindra_Scorpio
Mahindra_Scorpio_365.jpg,Mahindra_Scorpio
Mahindra_Scorpio_366.jpg,Mahindra_Scorpio
Mahindra_Scorpio_368.jpg,Mahindra_Scorpio
Mahindra_Scorpio_370.jpg,Mahindra_Scorpio
Mahindra_Scorpio_371.jpg,Mahindra_Scorpio
Mahindra_Scorpio_372.jpg,Mahindra_Scorpio
Mahindra_Scorpio_373.jpg,Mahindra_Scorpio
Mahindra_Scorpio_374.jpg,Mahindra_Scorpio
Mahindra_Scorpio_376.jpg,Mahindra_Scorpio
Mahindra_Scorpio_378.jpg,Mahindra_Scorpio
Mahindra_Scorpio_380.jpg,Mahindra_Scorpio
Mahindra_Scorpio_381.jpg,Mahindra_Scorpio
Mahindra_Scorpio_382.jpg,Mahindra_Scorpio
Mahindra_Scorpio_383.jpg,Mahindra_Scorpio
Mahindra_Scorpio_384.jpg,Mahindra_Scorpio
Mahindra_Scorpio_386.jpg,Mahindra_Scorpio
Mahindra_Scorpio_387.jpg,Mahindra_Scorpio
Mahindra_Scorpio_388.jpg,Mahindra_Scorpio
Mahindra_Scorpio_389.jpg,Mahindra_Scorpio
Mahindra_Scorpio_390.jpg,Mahindra_Scorpio
Mahindra_Scorpio_391.jpg,Mahindra_Scorpio
Mahindra_Scorpio_392.jpg,Mahindra_Scorpio
Mahindra_Scorpio_393.jpg,Mahindra_Scorpio
Mahindra_Scorpio_394.jpg,Mahindra_Scorpio
Mahindra_Scorpio_395.jpg,Mahindra_Scorpio
Mahindra_Scorpio_397.jpg,Mahindra_Scorpio
Mahindra_Scorpio_398.jpg,Mahindra_Scorpio
Mahindra_Scorpio_399.jpg,Mahindra_Scorpio
Mahindra_Scorpio_401.jpg,Mahindra_Scorpio
Mahindra_Scorpio_402.jpg,Mahindra_Scorpio
Mahindra_Scorpio_404.jpg,Mahindra_Scorpio
Mahindra_Scorpio_405.jpg,Mahindra_Scorpio
Mahindra_Scorpio_406.jpg,Mahindra_Scorpio
Mahindra_Scorpio_409.jpg,Mahindra_Scorpio
Mahindra_Scorpio_412.jpg,Mahindra_Scorpio
Mahindra_Scorpio_413.jpg,Mahindra_Scorpio
Mahindra_Scorpio_414.jpg,Mahindra_Scorpio
Mahindra_Scorpio_415.jpg,Mahindra_Scorpio
Mahindra_Scorpio_416.jpg,Mahindra_Scorpio
Mahindra_Scorpio_417.jpg,Mahindra_Scorpio
Mahindra_Scorpio_418.jpg,Mahindra_Scorpio
Mahindra_Scorpio_421.jpg,Mahindra_Scorpio
Mahindra_Scorpio_422.jpg,Mahindra_Scorpio
Mahindra_Scorpio_423.jpg,Mahindra_Scorpio
Mahindra_Scorpio_424.jpg,Mahindra_Scorpio
Mahindra_Scorpio_427.jpg,Mahindra_Scorpio
Mahindra_Scorpio_428.jpg,Mahindra_Scorpio
Mahindra_Scorpio_31.jpg,Mahindra_Scorpio
Mahindra_Scorpio_32.jpg,Mahindra_Scorpio
Mahindra_Scorpio_34.jpg,Mahindra_Scorpio
Mahindra_Scorpio_289.jpg,Mahindra_Scorpio
Mahindra_Scorpio_290.jpg,Mahindra_Scorpio
Mahindra_Scorpio_292.jpg,Mahindra_Scorpio
Mahindra_Scorpio_293.jpg,Mahindra_Scorpio
Mahindra_Scorpio_294.jpg,Mahindra_Scorpio
Mahindra_Scorpio_295.jpg,Mahindra_Scorpio
Mahindra_Scorpio_297.jpg,Mahindra_Scorpio
Mahindra_Scorpio_299.jpg,Mahindra_Scorpio
Mahindra_Scorpio_300.jpg,Mahindra_Scorpio
Mahindra_Scorpio_301.jpg,Mahindra_Scorpio
Mahindra_Scorpio_304.jpg,Mahindra_Scorpio
Mahindra_Scorpio_305.jpg,Mahindra_Scorpio
Mahindra_Scorpio_306.jpg,Mahindra_Scorpio
Mahindra_Scorpio_310.jpg,Mahindra_Scorpio
Mahindra_Scorpio_311.jpg,Mahindra_Scorpio
Mahindra_Scorpio_313.jpg,Mahindra_Scorpio
Mahindra_Scorpio_315.jpg,Mahindra_Scorpio
Mahindra_Scorpio_316.jpg,Mahindra_Scorpio
Mahindra_Scorpio_317.jpg,Mahindra_Scorpio
Mahindra_Scorpio_318.jpg,Mahindra_Scorpio
Mahindra_Scorpio_319.jpg,Mahindra_Scorpio
Mahindra_Scorpio_320.jpg,Mahindra_Scorpio
Mahindra_Scorpio_321.jpg,Mahindra_Scorpio
Mahindra_Scorpio_322.jpg,Mahindra_Scorpio
Mahindra_Scorpio_323.jpg,Mahindra_Scorpio
Mahindra_Scorpio_324.jpg,Mahindra_Scorpio
Mahindra_Scorpio_325.jpg,Mahindra_Scorpio
Mahindra_Scorpio_326.jpg,Mahindra_Scorpio
Mahindra_Scorpio_327.jpg,Mahindra_Scorpio
Mahindra_Scorpio_328.jpg,Mahindra_Scorpio
Mahindra_Scorpio_330.jpg,Mahindra_Scorpio
Mahindra_Scorpio_332.jpg,Mahindra_Scorpio
Mahindra_Scorpio_333.jpg,Mahindra_Scorpio
Mahindra_Scorpio_334.jpg,Mahindra_Scorpio
Mahindra_Scorpio_335.jpg,Mahindra_Scorpio
Mahindra_Scorpio_336.jpg,Mahindra_Scorpio
Mahindra_Scorpio_337.jpg,Mahindra_Scorpio
Mahindra_Scorpio_339.jpg,Mahindra_Scorpio
Mahindra_Scorpio_340.jpg,Mahindra_Scorpio
Mahindra_Scorpio_341.jpg,Mahindra_Scorpio
Mahindra_Scorpio_342.jpg,Mahindra_Scorpio
Mahindra_Scorpio_343.jpg,Mahindra_Scorpio
Mahindra_Scorpio_346.jpg,Mahindra_Scorpio
Mahindra_Scorpio_347.jpg,Mahindra_Scorpio
Mahindra_Scorpio_349.jpg,Mahindra_Scorpio
Mahindra_Scorpio_350.jpg,Mahindra_Scorpio
Mahindra_Scorpio_352.jpg,Mahindra_Scorpio
Mahindra_Scorpio_354.jpg,Mahindra_Scorpio
Mahindra_Scorpio_355.jpg,Mahindra_Scorpio
Mahindra_Scorpio_356.jpg,Mahindra_Scorpio
Mahindra_Scorpio_358.jpg,Mahindra_Scorpio
Mahindra_Scorpio_22.jpg,Mahindra_Scorpio
Mahindra_Scorpio_24.jpg,Mahindra_Scorpio
Mahindra_Scorpio_25.jpg,Mahindra_Scorpio
Mahindra_Scorpio_26.jpg,Mahindra_Scorpio
Mahindra_Scorpio_28.jpg,Mahindra_Scorpio
Mahindra_Scorpio_213.jpg,Mahindra_Scorpio
Mahindra_Scorpio_215.jpg,Mahindra_Scorpio
Mahindra_Scorpio_216.jpg,Mahindra_Scorpio
Mahindra_Scorpio_218.jpg,Mahindra_Scorpio
Mahindra_Scorpio_219.jpg,Mahindra_Scorpio
Mahindra_Scorpio_225.jpg,Mahindra_Scorpio
Mahindra_Scorpio_227.jpg,Mahindra_Scorpio
Mahindra_Scorpio_229.jpg,Mahindra_Scorpio
Mahindra_Scorpio_231.jpg,Mahindra_Scorpio
Mahindra_Scorpio_234.jpg,Mahindra_Scorpio
Mahindra_Scorpio_235.jpg,Mahindra_Scorpio
Mahindra_Scorpio_236.jpg,Mahindra_Scorpio
Mahindra_Scorpio_237.jpg,Mahindra_Scorpio
Mahindra_Scorpio_238.jpg,Mahindra_Scorpio
Mahindra_Scorpio_240.jpg,Mahindra_Scorpio
Mahindra_Scorpio_241.jpg,Mahindra_Scorpio
Mahindra_Scorpio_242.jpg,Mahindra_Scorpio
Mahindra_Scorpio_243.jpg,Mahindra_Scorpio
Mahindra_Scorpio_244.jpg,Mahindra_Scorpio
Mahindra_Scorpio_245.jpg,Mahindra_Scorpio
Mahindra_Scorpio_246.jpg,Mahindra_Scorpio
Mahindra_Scorpio_247.jpg,Mahindra_Scorpio
Mahindra_Scorpio_249.jpg,Mahindra_Scorpio
Mahindra_Scorpio_250.jpg,Mahindra_Scorpio
Mahindra_Scorpio_251.jpg,Mahindra_Scorpio
Mahindra_Scorpio_253.jpg,Mahindra_Scorpio
Mahindra_Scorpio_256.jpg,Mahindra_Scorpio
Mahindra_Scorpio_257.jpg,Mahindra_Scorpio
Mahindra_Scorpio_258.jpg,Mahindra_Scorpio
Mahindra_Scorpio_259.jpg,Mahindra_Scorpio
Mahindra_Scorpio_263.jpg,Mahindra_Scorpio
Mahindra_Scorpio_266.jpg,Mahindra_Scorpio
Mahindra_Scorpio_267.jpg,Mahindra_Scorpio
Mahindra_Scorpio_269.jpg,Mahindra_Scorpio
Mahindra_Scorpio_270.jpg,Mahindra_Scorpio
Mahindra_Scorpio_271.jpg,Mahindra_Scorpio
Mahindra_Scorpio_272.jpg,Mahindra_Scorpio
Mahindra_Scorpio_273.jpg,Mahindra_Scorpio
Mahindra_Scorpio_274.jpg,Mahindra_Scorpio
Mahindra_Scorpio_275.jpg,Mahindra_Scorpio
Mahindra_Scorpio_276.jpg,Mahindra_Scorpio
Mahindra_Scorpio_277.jpg,Mahindra_Scorpio
Mahindra_Scorpio_278.jpg,Mahindra_Scorpio
Mahindra_Scorpio_279.jpg,Mahindra_Scorpio
Mahindra_Scorpio_280.jpg,Mahindra_Scorpio
Mahindra_Scorpio_281.jpg,Mahindra_Scorpio
Mahindra_Scorpio_282.jpg,Mahindra_Scorpio
Mahindra_Scorpio_284.jpg,Mahindra_Scorpio
Mahindra_Scorpio_285.jpg,Mahindra_Scorpio
Mahindra_Scorpio_286.jpg,Mahindra_Scorpio
Mahindra_Scorpio_287.jpg,Mahindra_Scorpio
Mahindra_Scorpio_2.jpg,Mahindra_Scorpio
Mahindra_Scorpio_16.jpg,Mahindra_Scorpio
Mahindra_Scorpio_20.jpg,Mahindra_Scorpio
Mahindra_Scorpio_21.jpg,Mahindra_Scorpio
Mahindra_Scorpio_141.jpg,Mahindra_Scorpio
Mahindra_Scorpio_142.jpg,Mahindra_Scorpio
Mahindra_Scorpio_144.jpg,Mahindra_Scorpio
Mahindra_Scorpio_145.jpg,Mahindra_Scorpio
Mahindra_Scorpio_146.jpg,Mahindra_Scorpio
Mahindra_Scorpio_148.jpg,Mahindra_Scorpio
Mahindra_Scorpio_149.jpg,Mahindra_Scorpio
Mahindra_Scorpio_150.jpg,Mahindra_Scorpio
Mahindra_Scorpio_152.jpg,Mahindra_Scorpio
Mahindra_Scorpio_155.jpg,Mahindra_Scorpio
Mahindra_Scorpio_156.jpg,Mahindra_Scorpio
Mahindra_Scorpio_157.jpg,Mahindra_Scorpio
Mahindra_Scorpio_158.jpg,Mahindra_Scorpio
Mahindra_Scorpio_160.jpg,Mahindra_Scorpio
Mahindra_Scorpio_161.jpg,Mahindra_Scorpio
Mahindra_Scorpio_162.jpg,Mahindra_Scorpio
Mahindra_Scorpio_163.jpg,Mahindra_Scorpio
Mahindra_Scorpio_165.jpg,Mahindra_Scorpio
Mahindra_Scorpio_166.jpg,Mahindra_Scorpio
Mahindra_Scorpio_167.jpg,Mahindra_Scorpio
Mahindra_Scorpio_169.jpg,Mahindra_Scorpio
Mahindra_Scorpio_170.jpg,Mahindra_Scorpio
Mahindra_Scorpio_171.jpg,Mahindra_Scorpio
Mahindra_Scorpio_174.jpg,Mahindra_Scorpio
Mahindra_Scorpio_178.jpg,Mahindra_Scorpio
Mahindra_Scorpio_180.jpg,Mahindra_Scorpio
Mahindra_Scorpio_181.jpg,Mahindra_Scorpio
Mahindra_Scorpio_182.jpg,Mahindra_Scorpio
Mahindra_Scorpio_183.jpg,Mahindra_Scorpio
Mahindra_Scorpio_184.jpg,Mahindra_Scorpio
Mahindra_Scorpio_185.jpg,Mahindra_Scorpio
Mahindra_Scorpio_187.jpg,Mahindra_Scorpio
Mahindra_Scorpio_189.jpg,Mahindra_Scorpio
Mahindra_Scorpio_190.jpg,Mahindra_Scorpio
Mahindra_Scorpio_191.jpg,Mahindra_Scorpio
Mahindra_Scorpio_192.jpg,Mahindra_Scorpio
Mahindra_Scorpio_194.jpg,Mahindra_Scorpio
Mahindra_Scorpio_195.jpg,Mahindra_Scorpio
Mahindra_Scorpio_196.jpg,Mahindra_Scorpio
Mahindra_Scorpio_197.jpg,Mahindra_Scorpio
Mahindra_Scorpio_198.jpg,Mahindra_Scorpio
Mahindra_Scorpio_199.jpg,Mahindra_Scorpio
Mahindra_Scorpio_200.jpg,Mahindra_Scorpio
Mahindra_Scorpio_203.jpg,Mahindra_Scorpio
Mahindra_Scorpio_205.jpg,Mahindra_Scorpio
Mahindra_Scorpio_207.jpg,Mahindra_Scorpio
Mahindra_Scorpio_208.jpg,Mahindra_Scorpio
Mahindra_Scorpio_211.jpg,Mahindra_Scorpio
Hyundai_Creta_6.jpg,Hyundai_Creta
Hyundai_Creta_7.jpg,Hyundai_Creta
Hyundai_Creta_9.jpg,Hyundai_Creta
Hyundai_Creta_60.jpg,Hyundai_Creta
Hyundai_Creta_64.jpg,Hyundai_Creta
Hyundai_Creta_66.jpg,Hyundai_Creta
Hyundai_Creta_67.jpg,Hyundai_Creta
Hyundai_Creta_69.jpg,Hyundai_Creta
Hyundai_Creta_70.jpg,Hyundai_Creta
Hyundai_Creta_74.jpg,Hyundai_Creta
Hyundai_Creta_75.jpg,Hyundai_Creta
Hyundai_Creta_76.jpg,Hyundai_Creta
Hyundai_Creta_77.jpg,Hyundai_Creta
Hyundai_Creta_78.jpg,Hyundai_Creta
Hyundai_Creta_79.jpg,Hyundai_Creta
Hyundai_Creta_80.jpg,Hyundai_Creta
Hyundai_Creta_82.jpg,Hyundai_Creta
Hyundai_Creta_84.jpg,Hyundai_Creta
Hyundai_Creta_87.jpg,Hyundai_Creta
Hyundai_Creta_89.jpg,Hyundai_Creta
Hyundai_Creta_92.jpg,Hyundai_Creta
Hyundai_Creta_93.jpg,Hyundai_Creta
Hyundai_Creta_94.jpg,Hyundai_Creta
Hyundai_Creta_95.jpg,Hyundai_Creta
Hyundai_Creta_96.jpg,Hyundai_Creta
Hyundai_Creta_97.jpg,Hyundai_Creta
Mahindra_Scorpio_1.jpg,Mahindra_Scorpio
Mahindra_Scorpio_11.jpg,Mahindra_Scorpio
Mahindra_Scorpio_14.jpg,Mahindra_Scorpio
Mahindra_Scorpio_100.jpg,Mahindra_Scorpio
Mahindra_Scorpio_101.jpg,Mahindra_Scorpio
Mahindra_Scorpio_103.jpg,Mahindra_Scorpio
Mahindra_Scorpio_104.jpg,Mahindra_Scorpio
Mahindra_Scorpio_105.jpg,Mahindra_Scorpio
Mahindra_Scorpio_106.jpg,Mahindra_Scorpio
Mahindra_Scorpio_107.jpg,Mahindra_Scorpio
Mahindra_Scorpio_108.jpg,Mahindra_Scorpio
Mahindra_Scorpio_109.jpg,Mahindra_Scorpio
Mahindra_Scorpio_113.jpg,Mahindra_Scorpio
Mahindra_Scorpio_116.jpg,Mahindra_Scorpio
Mahindra_Scorpio_117.jpg,Mahindra_Scorpio
Mahindra_Scorpio_118.jpg,Mahindra_Scorpio
Mahindra_Scorpio_119.jpg,Mahindra_Scorpio
Mahindra_Scorpio_120.jpg,Mahindra_Scorpio
Mahindra_Scorpio_124.jpg,Mahindra_Scorpio
Mahindra_Scorpio_125.jpg,Mahindra_Scorpio
Mahindra_Scorpio_126.jpg,Mahindra_Scorpio
Mahindra_Scorpio_127.jpg,Mahindra_Scorpio
Mahindra_Scorpio_129.jpg,Mahindra_Scorpio
Mahindra_Scorpio_130.jpg,Mahindra_Scorpio
Mahindra_Scorpio_131.jpg,Mahindra_Scorpio
Mahindra_Scorpio_132.jpg,Mahindra_Scorpio
Mahindra_Scorpio_134.jpg,Mahindra_Scorpio
Mahindra_Scorpio_135.jpg,Mahindra_Scorpio
Mahindra_Scorpio_136.jpg,Mahindra_Scorpio
Mahindra_Scorpio_138.jpg,Mahindra_Scorpio
Hyundai_Creta_4.jpg,Hyundai_Creta
Hyundai_Creta_5.jpg,Hyundai_Creta
Hyundai_Creta_36.jpg,Hyundai_Creta
Hyundai_Creta_37.jpg,Hyundai_Creta
Hyundai_Creta_38.jpg,Hyundai_Creta
Hyundai_Creta_40.jpg,Hyundai_Creta
Hyundai_Creta_41.jpg,Hyundai_Creta
Hyundai_Creta_43.jpg,Hyundai_Creta
Hyundai_Creta_44.jpg,Hyundai_Creta
Hyundai_Creta_46.jpg,Hyundai_Creta
Hyundai_Creta_47.jpg,Hyundai_Creta
Hyundai_Creta_48.jpg,Hyundai_Creta
Hyundai_Creta_49.jpg,Hyundai_Creta
Hyundai_Creta_51.jpg,Hyundai_Creta
Hyundai_Creta_52.jpg,Hyundai_Creta
Hyundai_Creta_53.jpg,Hyundai_Creta
Hyundai_Creta_54.jpg,Hyundai_Creta
Hyundai_Creta_59.jpg,Hyundai_Creta
Hyundai_Creta_354.jpg,Hyundai_Creta
Hyundai_Creta_356.jpg,Hyundai_Creta
Hyundai_Creta_358.jpg,Hyundai_Creta
Hyundai_Creta_359.jpg,Hyundai_Creta
Hyundai_Creta_360.jpg,Hyundai_Creta
Hyundai_Creta_361.jpg,Hyundai_Creta
Hyundai_Creta_362.jpg,Hyundai_Creta
Hyundai_Creta_363.jpg,Hyundai_Creta
Hyundai_Creta_364.jpg,Hyundai_Creta
Hyundai_Creta_365.jpg,Hyundai_Creta
Hyundai_Creta_366.jpg,Hyundai_Creta
Hyundai_Creta_367.jpg,Hyundai_Creta
Hyundai_Creta_368.jpg,Hyundai_Creta
Hyundai_Creta_369.jpg,Hyundai_Creta
Hyundai_Creta_370.jpg,Hyundai_Creta
Hyundai_Creta_371.jpg,Hyundai_Creta
Hyundai_Creta_374.jpg,Hyundai_Creta
Hyundai_Creta_375.jpg,Hyundai_Creta
Hyundai_Creta_376.jpg,Hyundai_Creta
Hyundai_Creta_377.jpg,Hyundai_Creta
Hyundai_Creta_378.jpg,Hyundai_Creta
Hyundai_Creta_379.jpg,Hyundai_Creta
Hyundai_Creta_380.jpg,Hyundai_Creta
Hyundai_Creta_381.jpg,Hyundai_Creta
Hyundai_Creta_382.jpg,Hyundai_Creta
Hyundai_Creta_383.jpg,Hyundai_Creta
Hyundai_Creta_384.jpg,Hyundai_Creta
Hyundai_Creta_385.jpg,Hyundai_Creta
Hyundai_Creta_386.jpg,Hyundai_Creta
Hyundai_Creta_387.jpg,Hyundai_Creta
Hyundai_Creta_390.jpg,Hyundai_Creta
Hyundai_Creta_391.jpg,Hyundai_Creta
Hyundai_Creta_392.jpg,Hyundai_Creta
Hyundai_Creta_393.jpg,Hyundai_Creta
Hyundai_Creta_397.jpg,Hyundai_Creta
Hyundai_Creta_398.jpg,Hyundai_Creta
Hyundai_Creta_400.jpg,Hyundai_Creta
Hyundai_Creta_3.jpg,Hyundai_Creta
Hyundai_Creta_29.jpg,Hyundai_Creta
Hyundai_Creta_30.jpg,Hyundai_Creta
Hyundai_Creta_31.jpg,Hyundai_Creta
Hyundai_Creta_32.jpg,Hyundai_Creta
Hyundai_Creta_33.jpg,Hyundai_Creta
Hyundai_Creta_34.jpg,Hyundai_Creta
Hyundai_Creta_35.jpg,Hyundai_Creta
Hyundai_Creta_280.jpg,Hyundai_Creta
Hyundai_Creta_282.jpg,Hyundai_Creta
Hyundai_Creta_284.jpg,Hyundai_Creta
Hyundai_Creta_286.jpg,Hyundai_Creta
Hyundai_Creta_288.jpg,Hyundai_Creta
Hyundai_Creta_290.jpg,Hyundai_Creta
Hyundai_Creta_292.jpg,Hyundai_Creta
Hyundai_Creta_295.jpg,Hyundai_Creta
Hyundai_Creta_301.jpg,Hyundai_Creta
Hyundai_Creta_302.jpg,Hyundai_Creta
Hyundai_Creta_303.jpg,Hyundai_Creta
Hyundai_Creta_307.jpg,Hyundai_Creta
Hyundai_Creta_308.jpg,Hyundai_Creta
Hyundai_Creta_309.jpg,Hyundai_Creta
Hyundai_Creta_310.jpg,Hyundai_Creta
Hyundai_Creta_311.jpg,Hyundai_Creta
Hyundai_Creta_312.jpg,Hyundai_Creta
Hyundai_Creta_313.jpg,Hyundai_Creta
Hyundai_Creta_315.jpg,Hyundai_Creta
Hyundai_Creta_316.jpg,Hyundai_Creta
Hyundai_Creta_317.jpg,Hyundai_Creta
Hyundai_Creta_318.jpg,Hyundai_Creta
Hyundai_Creta_319.jpg,Hyundai_Creta
Hyundai_Creta_320.jpg,Hyundai_Creta
Hyundai_Creta_321.jpg,Hyundai_Creta
Hyundai_Creta_322.jpg,Hyundai_Creta
Hyundai_Creta_323.jpg,Hyundai_Creta
Hyundai_Creta_324.jpg,Hyundai_Creta
Hyundai_Creta_327.jpg,Hyundai_Creta
Hyundai_Creta_330.jpg,Hyundai_Creta
Hyundai_Creta_331.jpg,Hyundai_Creta
Hyundai_Creta_333.jpg,Hyundai_Creta
Hyundai_Creta_334.jpg,Hyundai_Creta
Hyundai_Creta_335.jpg,Hyundai_Creta
Hyundai_Creta_336.jpg,Hyundai_Creta
Hyundai_Creta_337.jpg,Hyundai_Creta
Hyundai_Creta_338.jpg,Hyundai_Creta
Hyundai_Creta_340.jpg,Hyundai_Creta
Hyundai_Creta_341.jpg,Hyundai_Creta
Hyundai_Creta_343.jpg,Hyundai_Creta
Hyundai_Creta_344.jpg,Hyundai_Creta
Hyundai_Creta_346.jpg,Hyundai_Creta
Hyundai_Creta_347.jpg,Hyundai_Creta
Hyundai_Creta_349.jpg,Hyundai_Creta
Hyundai_Creta_352.jpg,Hyundai_Creta
Hyundai_Creta_353.jpg,Hyundai_Creta
Hyundai_Creta_22.jpg,Hyundai_Creta
Hyundai_Creta_24.jpg,Hyundai_Creta
Hyundai_Creta_25.jpg,Hyundai_Creta
Hyundai_Creta_26.jpg,Hyundai_Creta
Hyundai_Creta_27.jpg,Hyundai_Creta
Hyundai_Creta_28.jpg,Hyundai_Creta
Hyundai_Creta_215.jpg,Hyundai_Creta
Hyundai_Creta_216.jpg,Hyundai_Creta
Hyundai_Creta_221.jpg,Hyundai_Creta
Hyundai_Creta_224.jpg,Hyundai_Creta
Hyundai_Creta_225.jpg,Hyundai_Creta
Hyundai_Creta_227.jpg,Hyundai_Creta
Hyundai_Creta_228.jpg,Hyundai_Creta
Hyundai_Creta_229.jpg,Hyundai_Creta
Hyundai_Creta_230.jpg,Hyundai_Creta
Hyundai_Creta_231.jpg,Hyundai_Creta
Hyundai_Creta_233.jpg,Hyundai_Creta
Hyundai_Creta_234.jpg,Hyundai_Creta
Hyundai_Creta_236.jpg,Hyundai_Creta
Hyundai_Creta_237.jpg,Hyundai_Creta
Hyundai_Creta_238.jpg,Hyundai_Creta
Hyundai_Creta_239.jpg,Hyundai_Creta
Hyundai_Creta_240.jpg,Hyundai_Creta
Hyundai_Creta_241.jpg,Hyundai_Creta
Hyundai_Creta_243.jpg,Hyundai_Creta
Hyundai_Creta_244.jpg,Hyundai_Creta
Hyundai_Creta_245.jpg,Hyundai_Creta
Hyundai_Creta_246.jpg,Hyundai_Creta
Hyundai_Creta_248.jpg,Hyundai_Creta
Hyundai_Creta_250.jpg,Hyundai_Creta
Hyundai_Creta_251.jpg,Hyundai_Creta
Hyundai_Creta_252.jpg,Hyundai_Creta
Hyundai_Creta_253.jpg,Hyundai_Creta
Hyundai_Creta_255.jpg,Hyundai_Creta
Hyundai_Creta_258.jpg,Hyundai_Creta
Hyundai_Creta_260.jpg,Hyundai_Creta
Hyundai_Creta_261.jpg,Hyundai_Creta
Hyundai_Creta_262.jpg,Hyundai_Creta
Hyundai_Creta_263.jpg,Hyundai_Creta
Hyundai_Creta_264.jpg,Hyundai_Creta
Hyundai_Creta_265.jpg,Hyundai_Creta
Hyundai_Creta_266.jpg,Hyundai_Creta
Hyundai_Creta_267.jpg,Hyundai_Creta
Hyundai_Creta_269.jpg,Hyundai_Creta
Hyundai_Creta_272.jpg,Hyundai_Creta
Hyundai_Creta_273.jpg,Hyundai_Creta
Hyundai_Creta_274.jpg,Hyundai_Creta
Hyundai_Creta_275.jpg,Hyundai_Creta
Hyundai_Creta_276.jpg,Hyundai_Creta
Hyundai_Creta_277.jpg,Hyundai_Creta
Hyundai_Creta_279.jpg,Hyundai_Creta
Hyundai_Creta_2.jpg,Hyundai_Creta
Hyundai_Creta_17.jpg,Hyundai_Creta
Hyundai_Creta_18.jpg,Hyundai_Creta
Hyundai_Creta_19.jpg,Hyundai_Creta
Hyundai_Creta_20.jpg,Hyundai_Creta
Hyundai_Creta_21.jpg,Hyundai_Creta
Hyundai_Creta_152.jpg,Hyundai_Creta
Hyundai_Creta_154.jpg,Hyundai_Creta
Hyundai_Creta_156.jpg,Hyundai_Creta
Hyundai_Creta_158.jpg,Hyundai_Creta
Hyundai_Creta_160.jpg,Hyundai_Creta
Hyundai_Creta_161.jpg,Hyundai_Creta
Hyundai_Creta_162.jpg,Hyundai_Creta
Hyundai_Creta_163.jpg,Hyundai_Creta
Hyundai_Creta_166.jpg,Hyundai_Creta
Hyundai_Creta_167.jpg,Hyundai_Creta
Hyundai_Creta_168.jpg,Hyundai_Creta
Hyundai_Creta_169.jpg,Hyundai_Creta
Hyundai_Creta_171.jpg,Hyundai_Creta
Hyundai_Creta_172.jpg,Hyundai_Creta
Hyundai_Creta_173.jpg,Hyundai_Creta
Hyundai_Creta_174.jpg,Hyundai_Creta
Hyundai_Creta_175.jpg,Hyundai_Creta
Hyundai_Creta_176.jpg,Hyundai_Creta
Hyundai_Creta_177.jpg,Hyundai_Creta
Hyundai_Creta_179.jpg,Hyundai_Creta
Hyundai_Creta_180.jpg,Hyundai_Creta
Hyundai_Creta_182.jpg,Hyundai_Creta
Hyundai_Creta_183.jpg,Hyundai_Creta
Hyundai_Creta_184.jpg,Hyundai_Creta
Hyundai_Creta_185.jpg,Hyundai_Creta
Hyundai_Creta_187.jpg,Hyundai_Creta
Hyundai_Creta_191.jpg,Hyundai_Creta
Hyundai_Creta_193.jpg,Hyundai_Creta
Hyundai_Creta_194.jpg,Hyundai_Creta
Hyundai_Creta_195.jpg,Hyundai_Creta
Hyundai_Creta_196.jpg,Hyundai_Creta
Hyundai_Creta_197.jpg,Hyundai_Creta
Hyundai_Creta_198.jpg,Hyundai_Creta
Hyundai_Creta_199.jpg,Hyundai_Creta
Hyundai_Creta_200.jpg,Hyundai_Creta
Hyundai_Creta_201.jpg,Hyundai_Creta
Hyundai_Creta_202.jpg,Hyundai_Creta
Hyundai_Creta_204.jpg,Hyundai_Creta
Hyundai_Creta_206.jpg,Hyundai_Creta
Hyundai_Creta_207.jpg,Hyundai_Creta
Hyundai_Creta_209.jpg,Hyundai_Creta
Hyundai_Creta_210.jpg,Hyundai_Creta
Hyundai_Creta_212.jpg,Hyundai_Creta
Hyundai_Creta_213.jpg,Hyundai_Creta
Audi_99.jpg,Audi
Audi_981.jpg,Audi
Audi_982.jpg,Audi
Audi_985.jpg,Audi
Audi_986.jpg,Audi
Audi_988.jpg,Audi
Audi_989.jpg,Audi
Audi_991.jpg,Audi
Audi_993.jpg,Audi
Audi_995.jpg,Audi
Audi_996.jpg,Audi
Audi_997.jpg,Audi
Audi_999.jpg,Audi
Hyundai_Creta_1.jpg,Hyundai_Creta
Hyundai_Creta_11.jpg,Hyundai_Creta
Hyundai_Creta_12.jpg,Hyundai_Creta
Hyundai_Creta_13.jpg,Hyundai_Creta
Hyundai_Creta_15.jpg,Hyundai_Creta
Hyundai_Creta_100.jpg,Hyundai_Creta
Hyundai_Creta_101.jpg,Hyundai_Creta
Hyundai_Creta_103.jpg,Hyundai_Creta
Hyundai_Creta_104.jpg,Hyundai_Creta
Hyundai_Creta_105.jpg,Hyundai_Creta
Hyundai_Creta_106.jpg,Hyundai_Creta
Hyundai_Creta_107.jpg,Hyundai_Creta
Hyundai_Creta_108.jpg,Hyundai_Creta
Hyundai_Creta_109.jpg,Hyundai_Creta
Hyundai_Creta_115.jpg,Hyundai_Creta
Hyundai_Creta_119.jpg,Hyundai_Creta
Hyundai_Creta_120.jpg,Hyundai_Creta
Hyundai_Creta_121.jpg,Hyundai_Creta
Hyundai_Creta_122.jpg,Hyundai_Creta
Hyundai_Creta_127.jpg,Hyundai_Creta
Hyundai_Creta_128.jpg,Hyundai_Creta
Hyundai_Creta_129.jpg,Hyundai_Creta
Hyundai_Creta_130.jpg,Hyundai_Creta
Hyundai_Creta_133.jpg,Hyundai_Creta
Hyundai_Creta_135.jpg,Hyundai_Creta
Hyundai_Creta_136.jpg,Hyundai_Creta
Hyundai_Creta_137.jpg,Hyundai_Creta
Hyundai_Creta_138.jpg,Hyundai_Creta
Hyundai_Creta_139.jpg,Hyundai_Creta
Hyundai_Creta_141.jpg,Hyundai_Creta
Hyundai_Creta_142.jpg,Hyundai_Creta
Hyundai_Creta_144.jpg,Hyundai_Creta
Hyundai_Creta_145.jpg,Hyundai_Creta
Hyundai_Creta_148.jpg,Hyundai_Creta
Hyundai_Creta_149.jpg,Hyundai_Creta
Audi_92.jpg,Audi
Audi_93.jpg,Audi
Audi_94.jpg,Audi
Audi_97.jpg,Audi
Audi_918.jpg,Audi
Audi_919.jpg,Audi
Audi_921.jpg,Audi
Audi_922.jpg,Audi
Audi_923.jpg,Audi
Audi_924.jpg,Audi
Audi_926.jpg,Audi
Audi_929.jpg,Audi
Audi_930.jpg,Audi
Audi_932.jpg,Audi
Audi_933.jpg,Audi
Audi_935.jpg,Audi
Audi_936.jpg,Audi
Audi_937.jpg,Audi
Audi_939.jpg,Audi
Audi_940.jpg,Audi
Audi_941.jpg,Audi
Audi_942.jpg,Audi
Audi_943.jpg,Audi
Audi_944.jpg,Audi
Audi_945.jpg,Audi
Audi_946.jpg,Audi
Audi_947.jpg,Audi
Audi_949.jpg,Audi
Audi_950.jpg,Audi
Audi_952.jpg,Audi
Audi_953.jpg,Audi
Audi_954.jpg,Audi
Audi_955.jpg,Audi
Audi_959.jpg,Audi
Audi_960.jpg,Audi
Audi_961.jpg,Audi
Audi_962.jpg,Audi
Audi_963.jpg,Audi
Audi_964.jpg,Audi
Audi_966.jpg,Audi
Audi_967.jpg,Audi
Audi_968.jpg,Audi
Audi_969.jpg,Audi
Audi_971.jpg,Audi
Audi_972.jpg,Audi
Audi_973.jpg,Audi
Audi_977.jpg,Audi
Audi_978.jpg,Audi
Audi_979.jpg,Audi
Audi_980.jpg,Audi
Audi_86.jpg,Audi
Audi_88.jpg,Audi
Audi_89.jpg,Audi
Audi_90.jpg,Audi
Audi_91.jpg,Audi
Audi_859.jpg,Audi
Audi_860.jpg,Audi
Audi_861.jpg,Audi
Audi_862.jpg,Audi
Audi_864.jpg,Audi
Audi_865.jpg,Audi
Audi_866.jpg,Audi
Audi_869.jpg,Audi
Audi_870.jpg,Audi
Audi_871.jpg,Audi
Audi_875.jpg,Audi
Audi_876.jpg,Audi
Audi_877.jpg,Audi
Audi_878.jpg,Audi
Audi_879.jpg,Audi
Audi_880.jpg,Audi
Audi_885.jpg,Audi
Audi_886.jpg,Audi
Audi_887.jpg,Audi
Audi_888.jpg,Audi
Audi_889.jpg,Audi
Audi_890.jpg,Audi
Audi_892.jpg,Audi
Audi_893.jpg,Audi
Audi_894.jpg,Audi
Audi_895.jpg,Audi
Audi_896.jpg,Audi
Audi_897.jpg,Audi
Audi_899.jpg,Audi
Audi_901.jpg,Audi
Audi_902.jpg,Audi
Audi_903.jpg,Audi
Audi_904.jpg,Audi
Audi_905.jpg,Audi
Audi_906.jpg,Audi
Audi_907.jpg,Audi
Audi_910.jpg,Audi
Audi_911.jpg,Audi
Audi_912.jpg,Audi
Audi_913.jpg,Audi
Audi_914.jpg,Audi
Audi_915.jpg,Audi
Audi_916.jpg,Audi
Audi_917.jpg,Audi
Audi_74.jpg,Audi
Audi_75.jpg,Audi
Audi_76.jpg,Audi
Audi_77.jpg,Audi
Audi_78.jpg,Audi
Audi_80.jpg,Audi
Audi_81.jpg,Audi
Audi_84.jpg,Audi
Audi_85.jpg,Audi
Audi_801.jpg,Audi
Audi_802.jpg,Audi
Audi_803.jpg,Audi
Audi_804.jpg,Audi
Audi_805.jpg,Audi
Audi_806.jpg,Audi
Audi_812.jpg,Audi
Audi_813.jpg,Audi
Audi_814.jpg,Audi
Audi_815.jpg,Audi
Audi_816.jpg,Audi
Audi_817.jpg,Audi
Audi_818.jpg,Audi
Audi_819.jpg,Audi
Audi_820.jpg,Audi
Audi_821.jpg,Audi
Audi_822.jpg,Audi
Audi_823.jpg,Audi
Audi_825.jpg,Audi
Audi_826.jpg,Audi
Audi_827.jpg,Audi
Audi_829.jpg,Audi
Audi_831.jpg,Audi
Audi_833.jpg,Audi
Audi_834.jpg,Audi
Audi_835.jpg,Audi
Audi_836.jpg,Audi
Audi_838.jpg,Audi
Audi_839.jpg,Audi
Audi_840.jpg,Audi
Audi_841.jpg,Audi
Audi_842.jpg,Audi
Audi_843.jpg,Audi
Audi_844.jpg,Audi
Audi_846.jpg,Audi
Audi_847.jpg,Audi
Audi_850.jpg,Audi
Audi_851.jpg,Audi
Audi_852.jpg,Audi
Audi_853.jpg,Audi
Audi_854.jpg,Audi
Audi_855.jpg,Audi
Audi_858.jpg,Audi
Audi_7.jpg,Audi
Audi_69.jpg,Audi
Audi_70.jpg,Audi
Audi_71.jpg,Audi
Audi_653.jpg,Audi
Audi_654.jpg,Audi
Audi_655.jpg,Audi
Audi_656.jpg,Audi
Audi_657.jpg,Audi
Audi_658.jpg,Audi
Audi_660.jpg,Audi
Audi_661.jpg,Audi
Audi_662.jpg,Audi
Audi_663.jpg,Audi
Audi_664.jpg,Audi
Audi_665.jpg,Audi
Audi_667.jpg,Audi
Audi_668.jpg,Audi
Audi_669.jpg,Audi
Audi_671.jpg,Audi
Audi_672.jpg,Audi
Audi_674.jpg,Audi
Audi_676.jpg,Audi
Audi_677.jpg,Audi
Audi_678.jpg,Audi
Audi_680.jpg,Audi
Audi_681.jpg,Audi
Audi_682.jpg,Audi
Audi_683.jpg,Audi
Audi_685.jpg,Audi
Audi_687.jpg,Audi
Audi_688.jpg,Audi
Audi_690.jpg,Audi
Audi_693.jpg,Audi
Audi_694.jpg,Audi
Audi_695.jpg,Audi
Audi_696.jpg,Audi
Audi_699.jpg,Audi
Audi_701.jpg,Audi
Audi_702.jpg,Audi
Audi_704.jpg,Audi
Audi_705.jpg,Audi
Audi_706.jpg,Audi
Audi_707.jpg,Audi
Audi_708.jpg,Audi
Audi_709.jpg,Audi
Audi_710.jpg,Audi
Audi_711.jpg,Audi
Audi_712.jpg,Audi
Audi_713.jpg,Audi
Audi_714.jpg,Audi
Audi_715.jpg,Audi
Audi_716.jpg,Audi
Audi_717.jpg,Audi
Audi_718.jpg,Audi
Audi_59.jpg,Audi
Audi_60.jpg,Audi
Audi_61.jpg,Audi
Audi_64.jpg,Audi
Audi_65.jpg,Audi
Audi_581.jpg,Audi
Audi_582.jpg,Audi
Audi_583.jpg,Audi
Audi_584.jpg,Audi
Audi_586.jpg,Audi
Audi_587.jpg,Audi
Audi_588.jpg,Audi
Audi_589.jpg,Audi
Audi_591.jpg,Audi
Audi_592.jpg,Audi
Audi_593.jpg,Audi
Audi_594.jpg,Audi
Audi_595.jpg,Audi
Audi_596.jpg,Audi
Audi_597.jpg,Audi
Audi_598.jpg,Audi
Audi_600.jpg,Audi
Audi_601.jpg,Audi
Audi_602.jpg,Audi
Audi_603.jpg,Audi
Audi_605.jpg,Audi
Audi_606.jpg,Audi
Audi_607.jpg,Audi
Audi_612.jpg,Audi
Audi_614.jpg,Audi
Audi_616.jpg,Audi
Audi_619.jpg,Audi
Audi_620.jpg,Audi
Audi_621.jpg,Audi
Audi_622.jpg,Audi
Audi_623.jpg,Audi
Audi_624.jpg,Audi
Audi_625.jpg,Audi
Audi_626.jpg,Audi
Audi_627.jpg,Audi
Audi_629.jpg,Audi
Audi_630.jpg,Audi
Audi_631.jpg,Audi
Audi_633.jpg,Audi
Audi_634.jpg,Audi
Audi_636.jpg,Audi
Audi_637.jpg,Audi
Audi_638.jpg,Audi
Audi_639.jpg,Audi
Audi_640.jpg,Audi
Audi_641.jpg,Audi
Audi_642.jpg,Audi
Audi_643.jpg,Audi
Audi_644.jpg,Audi
Audi_645.jpg,Audi
Audi_647.jpg,Audi
Audi_5.jpg,Audi
Audi_44.jpg,Audi
Audi_45.jpg,Audi
Audi_46.jpg,Audi
Audi_49.jpg,Audi
Audi_50.jpg,Audi
Audi_51.jpg,Audi
Audi_52.jpg,Audi
Audi_56.jpg,Audi
Audi_57.jpg,Audi
Audi_58.jpg,Audi
Audi_437.jpg,Audi
Audi_438.jpg,Audi
Audi_439.jpg,Audi
Audi_442.jpg,Audi
Audi_443.jpg,Audi
Audi_444.jpg,Audi
Audi_445.jpg,Audi
Audi_447.jpg,Audi
Audi_449.jpg,Audi
Audi_451.jpg,Audi
Audi_452.jpg,Audi
Audi_453.jpg,Audi
Audi_455.jpg,Audi
Audi_457.jpg,Audi
Audi_458.jpg,Audi
Audi_459.jpg,Audi
Audi_461.jpg,Audi
Audi_462.jpg,Audi
Audi_463.jpg,Audi
Audi_464.jpg,Audi
Audi_465.jpg,Audi
Audi_466.jpg,Audi
Audi_467.jpg,Audi
Audi_468.jpg,Audi
Audi_469.jpg,Audi
Audi_470.jpg,Audi
Audi_471.jpg,Audi
Audi_472.jpg,Audi
Audi_473.jpg,Audi
Audi_474.jpg,Audi
Audi_475.jpg,Audi
Audi_476.jpg,Audi
Audi_477.jpg,Audi
Audi_480.jpg,Audi
Audi_562.jpg,Audi
Audi_563.jpg,Audi
Audi_568.jpg,Audi
Audi_574.jpg,Audi
Audi_575.jpg,Audi
Audi_576.jpg,Audi
Audi_578.jpg,Audi
Audi_4.jpg,Audi
Audi_38.jpg,Audi
Audi_40.jpg,Audi
Audi_372.jpg,Audi
Audi_373.jpg,Audi
Audi_374.jpg,Audi
Audi_375.jpg,Audi
Audi_376.jpg,Audi
Audi_377.jpg,Audi
Audi_378.jpg,Audi
Audi_379.jpg,Audi
Audi_380.jpg,Audi
Audi_381.jpg,Audi
Audi_383.jpg,Audi
Audi_384.jpg,Audi
Audi_385.jpg,Audi
Audi_386.jpg,Audi
Audi_388.jpg,Audi
Audi_389.jpg,Audi
Audi_390.jpg,Audi
Audi_392.jpg,Audi
Audi_393.jpg,Audi
Audi_394.jpg,Audi
Audi_395.jpg,Audi
Audi_396.jpg,Audi
Audi_397.jpg,Audi
Audi_400.jpg,Audi
Audi_401.jpg,Audi
Audi_402.jpg,Audi
Audi_403.jpg,Audi
Audi_406.jpg,Audi
Audi_407.jpg,Audi
Audi_408.jpg,Audi
Audi_410.jpg,Audi
Audi_411.jpg,Audi
Audi_412.jpg,Audi
Audi_415.jpg,Audi
Audi_416.jpg,Audi
Audi_417.jpg,Audi
Audi_418.jpg,Audi
Audi_419.jpg,Audi
Audi_420.jpg,Audi
Audi_421.jpg,Audi
Audi_422.jpg,Audi
Audi_423.jpg,Audi
Audi_424.jpg,Audi
Audi_425.jpg,Audi
Audi_426.jpg,Audi
Audi_427.jpg,Audi
Audi_428.jpg,Audi
Audi_429.jpg,Audi
Audi_430.jpg,Audi
Audi_431.jpg,Audi
Audi_432.jpg,Audi
Audi_433.jpg,Audi
Audi_434.jpg,Audi
Audi_32.jpg,Audi
Audi_33.jpg,Audi
Audi_34.jpg,Audi
Audi_35.jpg,Audi
Audi_36.jpg,Audi
Audi_37.jpg,Audi
Audi_310.jpg,Audi
Audi_311.jpg,Audi
Audi_314.jpg,Audi
Audi_315.jpg,Audi
Audi_317.jpg,Audi
Audi_318.jpg,Audi
Audi_319.jpg,Audi
Audi_320.jpg,Audi
Audi_323.jpg,Audi
Audi_326.jpg,Audi
Audi_327.jpg,Audi
Audi_328.jpg,Audi
Audi_330.jpg,Audi
Audi_331.jpg,Audi
Audi_332.jpg,Audi
Audi_333.jpg,Audi
Audi_334.jpg,Audi
Audi_335.jpg,Audi
Audi_336.jpg,Audi
Audi_337.jpg,Audi
Audi_338.jpg,Audi
Audi_339.jpg,Audi
Audi_340.jpg,Audi
Audi_341.jpg,Audi
Audi_342.jpg,Audi
Audi_343.jpg,Audi
Audi_344.jpg,Audi
Audi_345.jpg,Audi
Audi_346.jpg,Audi
Audi_347.jpg,Audi
Audi_348.jpg,Audi
Audi_350.jpg,Audi
Audi_352.jpg,Audi
Audi_353.jpg,Audi
Audi_354.jpg,Audi
Audi_357.jpg,Audi
Audi_358.jpg,Audi
Audi_359.jpg,Audi
Audi_361.jpg,Audi
Audi_362.jpg,Audi
Audi_363.jpg,Audi
Audi_365.jpg,Audi
Audi_366.jpg,Audi
Audi_367.jpg,Audi
Audi_368.jpg,Audi
Audi_369.jpg,Audi
Audi_370.jpg,Audi
Audi_371.jpg,Audi
Audi_26.jpg,Audi
Audi_27.jpg,Audi
Audi_28.jpg,Audi
Audi_29.jpg,Audi
Audi_30.jpg,Audi
Audi_31.jpg,Audi
Audi_251.jpg,Audi
Audi_252.jpg,Audi
Audi_254.jpg,Audi
Audi_256.jpg,Audi
Audi_258.jpg,Audi
Audi_260.jpg,Audi
Audi_261.jpg,Audi
Audi_262.jpg,Audi
Audi_263.jpg,Audi
Audi_264.jpg,Audi
Audi_265.jpg,Audi
Audi_266.jpg,Audi
Audi_267.jpg,Audi
Audi_268.jpg,Audi
Audi_269.jpg,Audi
Audi_270.jpg,Audi
Audi_271.jpg,Audi
Audi_272.jpg,Audi
Audi_273.jpg,Audi
Audi_274.jpg,Audi
Audi_275.jpg,Audi
Audi_277.jpg,Audi
Audi_278.jpg,Audi
Audi_280.jpg,Audi
Audi_281.jpg,Audi
Audi_282.jpg,Audi
Audi_283.jpg,Audi
Audi_285.jpg,Audi
Audi_286.jpg,Audi
Audi_287.jpg,Audi
Audi_288.jpg,Audi
Audi_289.jpg,Audi
Audi_291.jpg,Audi
Audi_292.jpg,Audi
Audi_293.jpg,Audi
Audi_294.jpg,Audi
Audi_295.jpg,Audi
Audi_296.jpg,Audi
Audi_297.jpg,Audi
Audi_298.jpg,Audi
Audi_299.jpg,Audi
Audi_300.jpg,Audi
Audi_301.jpg,Audi
Audi_302.jpg,Audi
Audi_304.jpg,Audi
Audi_305.jpg,Audi
Audi_306.jpg,Audi
Audi_307.jpg,Audi
Audi_309.jpg,Audi
Audi_2.jpg,Audi
Audi_18.jpg,Audi
Audi_19.jpg,Audi
Audi_20.jpg,Audi
Audi_21.jpg,Audi
Audi_22.jpg,Audi
Audi_24.jpg,Audi
Audi_25.jpg,Audi
Audi_179.jpg,Audi
Audi_180.jpg,Audi
Audi_181.jpg,Audi
Audi_182.jpg,Audi
Audi_183.jpg,Audi
Audi_184.jpg,Audi
Audi_185.jpg,Audi
Audi_186.jpg,Audi
Audi_188.jpg,Audi
Audi_189.jpg,Audi
Audi_191.jpg,Audi
Audi_192.jpg,Audi
Audi_194.jpg,Audi
Audi_196.jpg,Audi
Audi_197.jpg,Audi
Audi_198.jpg,Audi
Audi_199.jpg,Audi
Audi_201.jpg,Audi
Audi_202.jpg,Audi
Audi_203.jpg,Audi
Audi_204.jpg,Audi
Audi_206.jpg,Audi
Audi_207.jpg,Audi
Audi_208.jpg,Audi
Audi_210.jpg,Audi
Audi_214.jpg,Audi
Audi_215.jpg,Audi
Audi_217.jpg,Audi
Audi_218.jpg,Audi
Audi_220.jpg,Audi
Audi_221.jpg,Audi
Audi_223.jpg,Audi
Audi_224.jpg,Audi
Audi_225.jpg,Audi
Audi_226.jpg,Audi
Audi_227.jpg,Audi
Audi_228.jpg,Audi
Audi_229.jpg,Audi
Audi_233.jpg,Audi
Audi_234.jpg,Audi
Audi_235.jpg,Audi
Audi_237.jpg,Audi
Audi_238.jpg,Audi
Audi_239.jpg,Audi
Audi_247.jpg,Audi
Audi_249.jpg,Audi
Audi_250.jpg,Audi
Audi_14.jpg,Audi
Audi_15.jpg,Audi
Audi_16.jpg,Audi
Audi_17.jpg,Audi
Audi_133.jpg,Audi
Audi_136.jpg,Audi
Audi_137.jpg,Audi
Audi_139.jpg,Audi
Audi_140.jpg,Audi
Audi_142.jpg,Audi
Audi_143.jpg,Audi
Audi_144.jpg,Audi
Audi_146.jpg,Audi
Audi_147.jpg,Audi
Audi_148.jpg,Audi
Audi_149.jpg,Audi
Audi_150.jpg,Audi
Audi_152.jpg,Audi
Audi_153.jpg,Audi
Audi_154.jpg,Audi
Audi_155.jpg,Audi
Audi_156.jpg,Audi
Audi_157.jpg,Audi
Audi_158.jpg,Audi
Audi_159.jpg,Audi
Audi_160.jpg,Audi
Audi_161.jpg,Audi
Audi_162.jpg,Audi
Audi_169.jpg,Audi
Audi_170.jpg,Audi
Audi_171.jpg,Audi
Audi_172.jpg,Audi
Audi_173.jpg,Audi
Audi_174.jpg,Audi
Audi_175.jpg,Audi
Audi_177.jpg,Audi
Audi_178.jpg,Audi
Audi_1326.jpg,Audi
Audi_1327.jpg,Audi
Audi_1329.jpg,Audi
Audi_1334.jpg,Audi
Audi_1339.jpg,Audi
Audi_1342.jpg,Audi
Audi_1343.jpg,Audi
Audi_1344.jpg,Audi
Audi_1346.jpg,Audi
Audi_1348.jpg,Audi
Audi_1349.jpg,Audi
Audi_1350.jpg,Audi
Audi_1351.jpg,Audi
Audi_1352.jpg,Audi
Audi_1353.jpg,Audi
Audi_1355.jpg,Audi
Audi_1356.jpg,Audi
Audi_1357.jpg,Audi
Audi_1358.jpg,Audi
Audi_1360.jpg,Audi
Audi_126.jpg,Audi
Audi_127.jpg,Audi
Audi_128.jpg,Audi
Audi_129.jpg,Audi
Audi_130.jpg,Audi
Audi_131.jpg,Audi
Audi_132.jpg,Audi
Audi_1254.jpg,Audi
Audi_1256.jpg,Audi
Audi_1257.jpg,Audi
Audi_1258.jpg,Audi
Audi_1259.jpg,Audi
Audi_1260.jpg,Audi
Audi_1263.jpg,Audi
Audi_1264.jpg,Audi
Audi_1265.jpg,Audi
Audi_1266.jpg,Audi
Audi_1267.jpg,Audi
Audi_1268.jpg,Audi
Audi_1269.jpg,Audi
Audi_1270.jpg,Audi
Audi_1271.jpg,Audi
Audi_1273.jpg,Audi
Audi_1276.jpg,Audi
Audi_1278.jpg,Audi
Audi_1281.jpg,Audi
Audi_1285.jpg,Audi
Audi_1286.jpg,Audi
Audi_1288.jpg,Audi
Audi_1289.jpg,Audi
Audi_1290.jpg,Audi
Audi_1293.jpg,Audi
Audi_1294.jpg,Audi
Audi_1296.jpg,Audi
Audi_1298.jpg,Audi
Audi_1299.jpg,Audi
Audi_1301.jpg,Audi
Audi_1302.jpg,Audi
Audi_1303.jpg,Audi
Audi_1304.jpg,Audi
Audi_1305.jpg,Audi
Audi_1306.jpg,Audi
Audi_1307.jpg,Audi
Audi_1308.jpg,Audi
Audi_1311.jpg,Audi
Audi_1312.jpg,Audi
Audi_1313.jpg,Audi
Audi_1316.jpg,Audi
Audi_1319.jpg,Audi
Audi_1320.jpg,Audi
Audi_1321.jpg,Audi
Audi_1322.jpg,Audi
Audi_1324.jpg,Audi
Audi_1325.jpg,Audi
Audi_12.jpg,Audi
Audi_112.jpg,Audi
Audi_113.jpg,Audi
Audi_115.jpg,Audi
Audi_116.jpg,Audi
Audi_117.jpg,Audi
Audi_118.jpg,Audi
Audi_119.jpg,Audi
Audi_120.jpg,Audi
Audi_121.jpg,Audi
Audi_122.jpg,Audi
Audi_123.jpg,Audi
Audi_124.jpg,Audi
Audi_125.jpg,Audi
Audi_1116.jpg,Audi
Audi_1118.jpg,Audi
Audi_1119.jpg,Audi
Audi_1120.jpg,Audi
Audi_1201.jpg,Audi
Audi_1205.jpg,Audi
Audi_1206.jpg,Audi
Audi_1207.jpg,Audi
Audi_1209.jpg,Audi
Audi_1210.jpg,Audi
Audi_1211.jpg,Audi
Audi_1213.jpg,Audi
Audi_1214.jpg,Audi
Audi_1215.jpg,Audi
Audi_1216.jpg,Audi
Audi_1217.jpg,Audi
Audi_1219.jpg,Audi
Audi_1221.jpg,Audi
Audi_1223.jpg,Audi
Audi_1225.jpg,Audi
Audi_1226.jpg,Audi
Audi_1229.jpg,Audi
Audi_1230.jpg,Audi
Audi_1231.jpg,Audi
Audi_1232.jpg,Audi
Audi_1233.jpg,Audi
Audi_1234.jpg,Audi
Audi_1236.jpg,Audi
Audi_1237.jpg,Audi
Audi_1238.jpg,Audi
Audi_1239.jpg,Audi
Audi_1240.jpg,Audi
Audi_1243.jpg,Audi
Audi_1244.jpg,Audi
Audi_1245.jpg,Audi
Audi_1246.jpg,Audi
Audi_1247.jpg,Audi
Audi_1248.jpg,Audi
Audi_1249.jpg,Audi
Audi_1250.jpg,Audi
Audi_1251.jpg,Audi
Audi_1252.jpg,Audi
Audi_1253.jpg,Audi
Audi_11.jpg,Audi
Audi_105.jpg,Audi
Audi_106.jpg,Audi
Audi_107.jpg,Audi
Audi_108.jpg,Audi
Audi_110.jpg,Audi
Audi_111.jpg,Audi
Audi_1049.jpg,Audi
Audi_1050.jpg,Audi
Audi_1052.jpg,Audi
Audi_1053.jpg,Audi
Audi_1054.jpg,Audi
Audi_1055.jpg,Audi
Audi_1056.jpg,Audi
Audi_1057.jpg,Audi
Audi_1058.jpg,Audi
Audi_1061.jpg,Audi
Audi_1062.jpg,Audi
Audi_1063.jpg,Audi
Audi_1065.jpg,Audi
Audi_1067.jpg,Audi
Audi_1068.jpg,Audi
Audi_1069.jpg,Audi
Audi_1070.jpg,Audi
Audi_1071.jpg,Audi
Audi_1074.jpg,Audi
Audi_1075.jpg,Audi
Audi_1076.jpg,Audi
Audi_1077.jpg,Audi
Audi_1078.jpg,Audi
Audi_1079.jpg,Audi
Audi_1081.jpg,Audi
Audi_1082.jpg,Audi
Audi_1083.jpg,Audi
Audi_1087.jpg,Audi
Audi_1088.jpg,Audi
Audi_1089.jpg,Audi
Audi_1090.jpg,Audi
Audi_1091.jpg,Audi
Audi_1092.jpg,Audi
Audi_1095.jpg,Audi
Audi_1096.jpg,Audi
Audi_1097.jpg,Audi
Audi_1098.jpg,Audi
Audi_1100.jpg,Audi
Audi_1102.jpg,Audi
Audi_1104.jpg,Audi
Audi_1105.jpg,Audi
Audi_1108.jpg,Audi
Audi_1109.jpg,Audi
Audi_1110.jpg,Audi
Audi_1112.jpg,Audi
Audi_1113.jpg,Audi
Audi_1114.jpg,Audi
Audi_1115.jpg,Audi
Audi_1.jpg,Audi
Audi_10.jpg,Audi
Audi_100.jpg,Audi
Audi_101.jpg,Audi
Audi_102.jpg,Audi
Audi_103.jpg,Audi
Audi_1001.jpg,Audi
Audi_1002.jpg,Audi
Audi_1004.jpg,Audi
Audi_1005.jpg,Audi
Audi_1006.jpg,Audi
Audi_1007.jpg,Audi
Audi_1009.jpg,Audi
Audi_1010.jpg,Audi
Audi_1011.jpg,Audi
Audi_1012.jpg,Audi
Audi_1013.jpg,Audi
Audi_1014.jpg,Audi
Audi_1015.jpg,Audi
Audi_1016.jpg,Audi
Audi_1017.jpg,Audi
Audi_1018.jpg,Audi
Audi_1019.jpg,Audi
Audi_1021.jpg,Audi
Audi_1023.jpg,Audi
Audi_1024.jpg,Audi
Audi_1026.jpg,Audi
Audi_1028.jpg,Audi
Audi_1029.jpg,Audi
Audi_1030.jpg,Audi
Audi_1031.jpg,Audi
Audi_1032.jpg,Audi
Audi_1033.jpg,Audi
Audi_1034.jpg,Audi
Audi_1035.jpg,Audi
Audi_1036.jpg,Audi
Audi_1037.jpg,Audi
Audi_1039.jpg,Audi
Audi_1040.jpg,Audi
Audi_1044.jpg,Audi
Audi_1045.jpg,Audi
Audi_1046.jpg,Audi
Audi_1047.jpg,Audi
Audi_1048.jpg,Audi
Toyota_Innova_93.jpg,Toyota_Innova
Toyota_Innova_94.jpg,Toyota_Innova
Toyota_Innova_96.jpg,Toyota_Innova
